Active_Customer,Cust_id
0,F25767
0,F25768
1,F25769
0,F25770
0,F25771
1,F25772
0,F25773
0,F25774
0,F25775
0,F25776
0,F25777
1,F25778
0,F25779
0,F25780
0,F25781
0,F25782
0,F25783
0,F25784
0,F25785
0,F25786
0,F25787
0,F25788
0,F25789
0,F25790
0,F25791
1,F25792
1,F25793
0,F25794
0,F25795
0,F25796
1,F25797
0,F25798
0,F25799
1,F25800
0,F25801
1,F25802
0,F25803
0,F25804
0,F25805
0,F25806
1,F25807
0,F25808
0,F25809
0,F25810
1,F25811
0,F25812
0,F25813
0,F25814
0,F25815
1,F25816
1,F25817
1,F25818
1,F25819
0,F25820
0,F25821
0,F25822
0,F25823
0,F25824
0,F25825
0,F25826
0,F25827
1,F25828
0,F25829
0,F25830
1,F25831
1,F25832
0,F25833
1,F25834
0,F25835
0,F25836
0,F25837
0,F25838
0,F25839
0,F25840
0,F25841
0,F25842
1,F25843
0,F25844
0,F25845
0,F25846
0,F25847
1,F25848
0,F25849
0,F25850
0,F25851
0,F25852
0,F25853
0,F25854
0,F25855
0,F25856
0,F25857
0,F25858
0,F25859
0,F25860
0,F25861
0,F25862
0,F25863
1,F25864
1,F25865
0,F25866
0,F25867
0,F25868
0,F25869
1,F25870
0,F25871
1,F25872
0,F25873
0,F25874
0,F25875
0,F25876
0,F25877
1,F25878
0,F25879
0,F25880
1,F25881
0,F25882
1,F25883
1,F25884
1,F25885
1,F25886
0,F25887
0,F25888
0,F25889
1,F25890
0,F25891
0,F25892
1,F25893
0,F25894
1,F25895
0,F25896
0,F25897
0,F25898
1,F25899
0,F25900
0,F25901
0,F25902
0,F25903
0,F25904
0,F25905
0,F25906
0,F25907
0,F25908
0,F25909
0,F25910
0,F25911
1,F25912
0,F25913
1,F25914
0,F25915
0,F25916
0,F25917
0,F25918
0,F25919
0,F25920
0,F25921
0,F25922
0,F25923
0,F25924
0,F25925
0,F25926
0,F25927
0,F25928
1,F25929
0,F25930
0,F25931
0,F25932
0,F25933
0,F25934
0,F25935
0,F25936
0,F25937
1,F25938
0,F25939
0,F25940
0,F25941
0,F25942
0,F25943
0,F25944
0,F25945
1,F25946
1,F25947
0,F25948
0,F25949
0,F25950
0,F25951
0,F25952
1,F25953
0,F25954
0,F25955
1,F25956
0,F25957
0,F25958
0,F25959
0,F25960
0,F25961
0,F25962
0,F25963
1,F25964
1,F25965
0,F25966
0,F25967
0,F25968
0,F25969
0,F25970
0,F25971
1,F25972
0,F25973
1,F25974
0,F25975
1,F25976
1,F25977
1,F25978
1,F25979
1,F25980
0,F25981
0,F25982
1,F25983
0,F25984
0,F25985
1,F25986
0,F25987
0,F25988
0,F25989
0,F25990
1,F25991
0,F25992
0,F25993
0,F25994
0,F25995
0,F25996
1,F25997
0,F25998
0,F25999
0,F26000
0,F26001
0,F26002
1,F26003
0,F26004
1,F26005
0,F26006
0,F26007
0,F26008
0,F26009
1,F26010
0,F26011
0,F26012
0,F26013
1,F26014
1,F26015
1,F26016
0,F26017
0,F26018
0,F26019
0,F26020
0,F26021
0,F26022
0,F26023
0,F26024
0,F26025
0,F26026
0,F26027
0,F26028
0,F26029
0,F26030
0,F26031
0,F26032
1,F26033
0,F26034
0,F26035
0,F26036
1,F26037
0,F26038
1,F26039
0,F26040
1,F26041
0,F26042
0,F26043
1,F26044
0,F26045
1,F26046
0,F26047
0,F26048
1,F26049
0,F26050
1,F26051
0,F26052
0,F26053
1,F26054
0,F26055
0,F26056
1,F26057
0,F26058
1,F26059
0,F26060
0,F26061
1,F26062
0,F26063
0,F26064
1,F26065
0,F26066
1,F26067
0,F26068
0,F26069
0,F26070
0,F26071
0,F26072
1,F26073
1,F26074
0,F26075
0,F26076
1,F26077
1,F26078
0,F26079
0,F26080
0,F26081
0,F26082
0,F26083
0,F26084
0,F26085
1,F26086
0,F26087
1,F26088
0,F26089
0,F26090
0,F26091
0,F26092
0,F26093
1,F26094
0,F26095
1,F26096
0,F26097
0,F26098
0,F26099
0,F26100
1,F26101
0,F26102
0,F26103
1,F26104
0,F26105
0,F26106
1,F26107
0,F26108
0,F26109
0,F26110
0,F26111
1,F26112
1,F26113
0,F26114
0,F26115
0,F26116
1,F26117
0,F26118
0,F26119
0,F26120
0,F26121
0,F26122
0,F26123
0,F26124
0,F26125
0,F26126
0,F26127
0,F26128
0,F26129
0,F26130
0,F26131
0,F26132
0,F26133
0,F26134
0,F26135
0,F26136
0,F26137
0,F26138
0,F26139
0,F26140
0,F26141
0,F26142
0,F26143
0,F26144
1,F26145
0,F26146
0,F26147
0,F26148
0,F26149
0,F26150
0,F26151
1,F26152
1,F26153
0,F26154
0,F26155
0,F26156
1,F26157
1,F26158
1,F26159
1,F26160
1,F26161
0,F26162
0,F26163
0,F26164
0,F26165
1,F26166
0,F26167
0,F26168
0,F26169
0,F26170
0,F26171
0,F26172
0,F26173
0,F26174
0,F26175
0,F26176
0,F26177
0,F26178
0,F26179
0,F26180
1,F26181
0,F26182
0,F26183
1,F26184
0,F26185
1,F26186
0,F26187
0,F26188
0,F26189
0,F26190
0,F26191
0,F26192
1,F26193
0,F26194
0,F26195
1,F26196
0,F26197
0,F26198
0,F26199
0,F26200
0,F26201
1,F26202
0,F26203
0,F26204
0,F26205
1,F26206
0,F26207
0,F26208
0,F26209
0,F26210
0,F26211
0,F26212
0,F26213
1,F26214
0,F26215
0,F26216
0,F26217
0,F26218
1,F26219
1,F26220
1,F26221
0,F26222
1,F26223
0,F26224
0,F26225
0,F26226
0,F26227
0,F26228
0,F26229
1,F26230
0,F26231
1,F26232
0,F26233
0,F26234
1,F26235
1,F26236
0,F26237
0,F26238
0,F26239
1,F26240
0,F26241
0,F26242
0,F26243
0,F26244
0,F26245
0,F26246
0,F26247
0,F26248
1,F26249
0,F26250
1,F26251
0,F26252
1,F26253
0,F26254
0,F26255
0,F26256
0,F26257
1,F26258
0,F26259
0,F26260
0,F26261
0,F26262
0,F26263
0,F26264
0,F26265
0,F26266
0,F26267
0,F26268
0,F26269
0,F26270
0,F26271
0,F26272
0,F26273
0,F26274
1,F26275
0,F26276
0,F26277
0,F26278
0,F26279
0,F26280
0,F26281
1,F26282
1,F26283
1,F26284
0,F26285
0,F26286
0,F26287
0,F26288
1,F26289
0,F26290
0,F26291
0,F26292
0,F26293
1,F26294
0,F26295
0,F26296
0,F26297
0,F26298
1,F26299
0,F26300
0,F26301
0,F26302
1,F26303
1,F26304
0,F26305
0,F26306
0,F26307
0,F26308
1,F26309
0,F26310
0,F26311
0,F26312
1,F26313
0,F26314
1,F26315
0,F26316
0,F26317
0,F26318
0,F26319
0,F26320
0,F26321
0,F26322
0,F26323
0,F26324
0,F26325
0,F26326
0,F26327
1,F26328
0,F26329
0,F26330
0,F26331
0,F26332
0,F26333
0,F26334
0,F26335
0,F26336
0,F26337
0,F26338
0,F26339
0,F26340
0,F26341
0,F26342
0,F26343
0,F26344
0,F26345
0,F26346
0,F26347
0,F26348
0,F26349
0,F26350
0,F26351
0,F26352
0,F26353
0,F26354
0,F26355
0,F26356
0,F26357
0,F26358
1,F26359
0,F26360
0,F26361
0,F26362
0,F26363
0,F26364
0,F26365
0,F26366
0,F26367
0,F26368
0,F26369
0,F26370
0,F26371
1,F26372
0,F26373
0,F26374
1,F26375
0,F26376
0,F26377
0,F26378
0,F26379
0,F26380
0,F26381
0,F26382
0,F26383
1,F26384
0,F26385
1,F26386
0,F26387
0,F26388
0,F26389
0,F26390
0,F26391
1,F26392
1,F26393
0,F26394
0,F26395
1,F26396
0,F26397
0,F26398
0,F26399
0,F26400
0,F26401
0,F26402
0,F26403
0,F26404
1,F26405
1,F26406
0,F26407
0,F26408
0,F26409
0,F26410
0,F26411
0,F26412
0,F26413
0,F26414
0,F26415
0,F26416
0,F26417
0,F26418
0,F26419
0,F26420
0,F26421
0,F26422
1,F26423
0,F26424
0,F26425
0,F26426
0,F26427
0,F26428
0,F26429
0,F26430
1,F26431
0,F26432
0,F26433
0,F26434
0,F26435
0,F26436
1,F26437
0,F26438
0,F26439
0,F26440
0,F26441
0,F26442
1,F26443
0,F26444
0,F26445
0,F26446
0,F26447
0,F26448
0,F26449
0,F26450
0,F26451
1,F26452
1,F26453
0,F26454
0,F26455
0,F26456
0,F26457
0,F26458
0,F26459
0,F26460
0,F26461
0,F26462
0,F26463
0,F26464
0,F26465
0,F26466
0,F26467
0,F26468
0,F26469
0,F26470
0,F26471
0,F26472
0,F26473
0,F26474
1,F26475
0,F26476
0,F26477
0,F26478
0,F26479
0,F26480
0,F26481
0,F26482
0,F26483
1,F26484
1,F26485
0,F26486
0,F26487
0,F26488
0,F26489
1,F26490
0,F26491
1,F26492
0,F26493
0,F26494
0,F26495
0,F26496
0,F26497
0,F26498
0,F26499
0,F26500
0,F26501
0,F26502
0,F26503
1,F26504
0,F26505
0,F26506
0,F26507
1,F26508
0,F26509
0,F26510
0,F26511
1,F26512
0,F26513
0,F26514
0,F26515
0,F26516
0,F26517
1,F26518
0,F26519
1,F26520
1,F26521
0,F26522
0,F26523
0,F26524
1,F26525
0,F26526
0,F26527
0,F26528
0,F26529
0,F26530
0,F26531
0,F26532
0,F26533
1,F26534
0,F26535
1,F26536
1,F26537
0,F26538
0,F26539
0,F26540
0,F26541
1,F26542
0,F26543
0,F26544
0,F26545
0,F26546
0,F26547
0,F26548
1,F26549
0,F26550
0,F26551
0,F26552
0,F26553
0,F26554
0,F26555
0,F26556
0,F26557
0,F26558
1,F26559
0,F26560
1,F26561
0,F26562
0,F26563
1,F26564
0,F26565
0,F26566
0,F26567
0,F26568
0,F26569
0,F26570
1,F26571
0,F26572
1,F26573
0,F26574
1,F26575
0,F26576
0,F26577
0,F26578
0,F26579
0,F26580
1,F26581
0,F26582
1,F26583
0,F26584
0,F26585
0,F26586
0,F26587
1,F26588
0,F26589
0,F26590
0,F26591
0,F26592
1,F26593
0,F26594
1,F26595
0,F26596
1,F26597
0,F26598
1,F26599
0,F26600
1,F26601
0,F26602
0,F26603
0,F26604
0,F26605
0,F26606
1,F26607
0,F26608
0,F26609
0,F26610
0,F26611
1,F26612
0,F26613
0,F26614
0,F26615
0,F26616
0,F26617
0,F26618
1,F26619
1,F26620
0,F26621
0,F26622
0,F26623
0,F26624
0,F26625
0,F26626
0,F26627
0,F26628
0,F26629
0,F26630
1,F26631
0,F26632
0,F26633
1,F26634
1,F26635
0,F26636
0,F26637
0,F26638
0,F26639
1,F26640
0,F26641
0,F26642
1,F26643
0,F26644
1,F26645
0,F26646
0,F26647
0,F26648
1,F26649
0,F26650
0,F26651
0,F26652
0,F26653
1,F26654
0,F26655
1,F26656
0,F26657
0,F26658
0,F26659
1,F26660
1,F26661
0,F26662
0,F26663
1,F26664
1,F26665
1,F26666
0,F26667
0,F26668
0,F26669
0,F26670
1,F26671
1,F26672
0,F26673
0,F26674
0,F26675
0,F26676
0,F26677
1,F26678
0,F26679
1,F26680
0,F26681
1,F26682
0,F26683
0,F26684
1,F26685
0,F26686
0,F26687
0,F26688
1,F26689
0,F26690
1,F26691
0,F26692
0,F26693
1,F26694
0,F26695
1,F26696
1,F26697
0,F26698
0,F26699
0,F26700
0,F26701
0,F26702
0,F26703
0,F26704
0,F26705
1,F26706
1,F26707
0,F26708
0,F26709
0,F26710
0,F26711
0,F26712
0,F26713
0,F26714
0,F26715
0,F26716
0,F26717
0,F26718
0,F26719
1,F26720
0,F26721
0,F26722
0,F26723
0,F26724
0,F26725
0,F26726
0,F26727
1,F26728
0,F26729
0,F26730
0,F26731
0,F26732
0,F26733
0,F26734
1,F26735
1,F26736
0,F26737
0,F26738
1,F26739
0,F26740
0,F26741
0,F26742
1,F26743
0,F26744
0,F26745
0,F26746
0,F26747
1,F26748
0,F26749
0,F26750
0,F26751
0,F26752
0,F26753
0,F26754
0,F26755
0,F26756
0,F26757
0,F26758
1,F26759
0,F26760
0,F26761
0,F26762
0,F26763
1,F26764
0,F26765
0,F26766
1,F26767
1,F26768
0,F26769
0,F26770
1,F26771
0,F26772
0,F26773
0,F26774
0,F26775
0,F26776
1,F26777
0,F26778
0,F26779
0,F26780
0,F26781
0,F26782
0,F26783
0,F26784
0,F26785
0,F26786
0,F26787
0,F26788
0,F26789
0,F26790
0,F26791
0,F26792
0,F26793
0,F26794
1,F26795
0,F26796
1,F26797
0,F26798
0,F26799
0,F26800
0,F26801
0,F26802
0,F26803
0,F26804
0,F26805
0,F26806
0,F26807
0,F26808
1,F26809
0,F26810
1,F26811
0,F26812
0,F26813
0,F26814
0,F26815
0,F26816
0,F26817
0,F26818
0,F26819
0,F26820
0,F26821
0,F26822
0,F26823
1,F26824
0,F26825
0,F26826
0,F26827
1,F26828
0,F26829
0,F26830
1,F26831
0,F26832
0,F26833
1,F26834
1,F26835
0,F26836
0,F26837
0,F26838
0,F26839
0,F26840
1,F26841
1,F26842
0,F26843
0,F26844
1,F26845
0,F26846
0,F26847
0,F26848
0,F26849
0,F26850
0,F26851
0,F26852
0,F26853
0,F26854
1,F26855
0,F26856
0,F26857
0,F26858
0,F26859
0,F26860
0,F26861
1,F26862
0,F26863
1,F26864
0,F26865
1,F26866
0,F26867
1,F26868
0,F26869
0,F26870
0,F26871
0,F26872
0,F26873
1,F26874
0,F26875
0,F26876
0,F26877
0,F26878
0,F26879
0,F26880
0,F26881
0,F26882
0,F26883
0,F26884
0,F26885
0,F26886
1,F26887
0,F26888
0,F26889
1,F26890
0,F26891
0,F26892
0,F26893
0,F26894
0,F26895
0,F26896
0,F26897
0,F26898
0,F26899
0,F26900
0,F26901
0,F26902
0,F26903
0,F26904
1,F26905
1,F26906
0,F26907
1,F26908
0,F26909
0,F26910
0,F26911
0,F26912
0,F26913
0,F26914
0,F26915
0,F26916
1,F26917
0,F26918
0,F26919
0,F26920
0,F26921
1,F26922
0,F26923
0,F26924
1,F26925
0,F26926
1,F26927
1,F26928
0,F26929
0,F26930
0,F26931
1,F26932
0,F26933
0,F26934
1,F26935
1,F26936
1,F26937
0,F26938
0,F26939
1,F26940
1,F26941
0,F26942
0,F26943
0,F26944
0,F26945
0,F26946
0,F26947
0,F26948
0,F26949
0,F26950
0,F26951
0,F26952
0,F26953
1,F26954
1,F26955
0,F26956
0,F26957
0,F26958
0,F26959
1,F26960
0,F26961
1,F26962
0,F26963
0,F26964
0,F26965
0,F26966
0,F26967
0,F26968
0,F26969
0,F26970
0,F26971
0,F26972
0,F26973
1,F26974
0,F26975
0,F26976
1,F26977
0,F26978
0,F26979
0,F26980
1,F26981
0,F26982
0,F26983
0,F26984
1,F26985
0,F26986
0,F26987
0,F26988
0,F26989
0,F26990
0,F26991
0,F26992
1,F26993
0,F26994
0,F26995
1,F26996
0,F26997
0,F26998
0,F26999
1,F27000
0,F27001
1,F27002
1,F27003
0,F27004
0,F27005
0,F27006
1,F27007
0,F27008
1,F27009
0,F27010
1,F27011
0,F27012
0,F27013
1,F27014
0,F27015
0,F27016
1,F27017
1,F27018
0,F27019
0,F27020
0,F27021
0,F27022
1,F27023
0,F27024
0,F27025
1,F27026
0,F27027
0,F27028
0,F27029
0,F27030
1,F27031
0,F27032
0,F27033
0,F27034
0,F27035
0,F27036
0,F27037
0,F27038
0,F27039
0,F27040
0,F27041
0,F27042
0,F27043
0,F27044
1,F27045
0,F27046
0,F27047
0,F27048
1,F27049
0,F27050
1,F27051
0,F27052
0,F27053
0,F27054
1,F27055
0,F27056
0,F27057
0,F27058
0,F27059
1,F27060
0,F27061
0,F27062
0,F27063
0,F27064
0,F27065
1,F27066
0,F27067
0,F27068
0,F27069
0,F27070
1,F27071
1,F27072
0,F27073
0,F27074
0,F27075
1,F27076
1,F27077
0,F27078
0,F27079
1,F27080
0,F27081
0,F27082
0,F27083
0,F27084
0,F27085
0,F27086
0,F27087
0,F27088
1,F27089
0,F27090
0,F27091
0,F27092
0,F27093
1,F27094
0,F27095
0,F27096
1,F27097
0,F27098
1,F27099
1,F27100
0,F27101
0,F27102
0,F27103
0,F27104
0,F27105
0,F27106
0,F27107
1,F27108
0,F27109
1,F27110
0,F27111
0,F27112
0,F27113
0,F27114
0,F27115
0,F27116
0,F27117
1,F27118
0,F27119
0,F27120
0,F27121
0,F27122
0,F27123
0,F27124
0,F27125
1,F27126
1,F27127
1,F27128
0,F27129
0,F27130
0,F27131
1,F27132
0,F27133
1,F27134
0,F27135
1,F27136
0,F27137
0,F27138
1,F27139
0,F27140
0,F27141
0,F27142
0,F27143
0,F27144
0,F27145
0,F27146
0,F27147
0,F27148
0,F27149
1,F27150
1,F27151
1,F27152
0,F27153
0,F27154
1,F27155
0,F27156
0,F27157
0,F27158
0,F27159
1,F27160
1,F27161
0,F27162
0,F27163
0,F27164
0,F27165
1,F27166
1,F27167
0,F27168
0,F27169
0,F27170
1,F27171
0,F27172
1,F27173
0,F27174
0,F27175
0,F27176
1,F27177
1,F27178
0,F27179
0,F27180
0,F27181
0,F27182
0,F27183
0,F27184
0,F27185
0,F27186
1,F27187
0,F27188
0,F27189
0,F27190
1,F27191
0,F27192
0,F27193
0,F27194
0,F27195
1,F27196
0,F27197
0,F27198
0,F27199
0,F27200
0,F27201
0,F27202
0,F27203
0,F27204
0,F27205
0,F27206
0,F27207
1,F27208
0,F27209
0,F27210
0,F27211
0,F27212
0,F27213
0,F27214
0,F27215
0,F27216
0,F27217
0,F27218
0,F27219
0,F27220
0,F27221
0,F27222
0,F27223
0,F27224
1,F27225
1,F27226
1,F27227
0,F27228
0,F27229
0,F27230
0,F27231
0,F27232
0,F27233
0,F27234
0,F27235
0,F27236
0,F27237
0,F27238
0,F27239
0,F27240
1,F27241
0,F27242
0,F27243
0,F27244
0,F27245
1,F27246
0,F27247
1,F27248
0,F27249
0,F27250
0,F27251
0,F27252
0,F27253
0,F27254
0,F27255
0,F27256
1,F27257
0,F27258
0,F27259
1,F27260
0,F27261
0,F27262
0,F27263
0,F27264
0,F27265
0,F27266
1,F27267
0,F27268
1,F27269
1,F27270
1,F27271
0,F27272
0,F27273
1,F27274
1,F27275
0,F27276
1,F27277
0,F27278
1,F27279
1,F27280
0,F27281
0,F27282
0,F27283
1,F27284
0,F27285
1,F27286
0,F27287
0,F27288
0,F27289
0,F27290
0,F27291
0,F27292
0,F27293
0,F27294
0,F27295
0,F27296
0,F27297
1,F27298
0,F27299
1,F27300
0,F27301
0,F27302
1,F27303
0,F27304
0,F27305
1,F27306
0,F27307
0,F27308
1,F27309
0,F27310
0,F27311
0,F27312
0,F27313
0,F27314
0,F27315
0,F27316
1,F27317
0,F27318
0,F27319
1,F27320
0,F27321
1,F27322
0,F27323
0,F27324
0,F27325
0,F27326
0,F27327
0,F27328
1,F27329
1,F27330
0,F27331
0,F27332
0,F27333
0,F27334
0,F27335
0,F27336
1,F27337
1,F27338
0,F27339
1,F27340
0,F27341
0,F27342
1,F27343
1,F27344
0,F27345
1,F27346
0,F27347
1,F27348
0,F27349
0,F27350
0,F27351
0,F27352
1,F27353
1,F27354
0,F27355
1,F27356
1,F27357
0,F27358
0,F27359
0,F27360
1,F27361
0,F27362
0,F27363
0,F27364
0,F27365
0,F27366
1,F27367
0,F27368
1,F27369
0,F27370
0,F27371
1,F27372
0,F27373
1,F27374
0,F27375
0,F27376
0,F27377
0,F27378
0,F27379
0,F27380
0,F27381
0,F27382
0,F27383
0,F27384
0,F27385
0,F27386
0,F27387
0,F27388
0,F27389
1,F27390
0,F27391
0,F27392
0,F27393
1,F27394
0,F27395
0,F27396
0,F27397
1,F27398
0,F27399
0,F27400
0,F27401
0,F27402
1,F27403
1,F27404
1,F27405
1,F27406
0,F27407
0,F27408
0,F27409
0,F27410
0,F27411
0,F27412
1,F27413
0,F27414
0,F27415
0,F27416
0,F27417
0,F27418
1,F27419
0,F27420
1,F27421
0,F27422
0,F27423
0,F27424
0,F27425
1,F27426
0,F27427
1,F27428
0,F27429
0,F27430
1,F27431
0,F27432
0,F27433
0,F27434
0,F27435
0,F27436
0,F27437
0,F27438
0,F27439
1,F27440
0,F27441
0,F27442
0,F27443
1,F27444
0,F27445
1,F27446
0,F27447
0,F27448
0,F27449
1,F27450
1,F27451
0,F27452
0,F27453
0,F27454
0,F27455
0,F27456
0,F27457
0,F27458
0,F27459
1,F27460
0,F27461
0,F27462
0,F27463
0,F27464
1,F27465
1,F27466
1,F27467
0,F27468
0,F27469
0,F27470
0,F27471
0,F27472
0,F27473
1,F27474
0,F27475
0,F27476
1,F27477
0,F27478
0,F27479
1,F27480
0,F27481
0,F27482
0,F27483
0,F27484
0,F27485
0,F27486
1,F27487
0,F27488
0,F27489
0,F27490
0,F27491
0,F27492
0,F27493
0,F27494
0,F27495
0,F27496
0,F27497
0,F27498
1,F27499
1,F27500
0,F27501
0,F27502
1,F27503
0,F27504
0,F27505
1,F27506
0,F27507
1,F27508
0,F27509
0,F27510
0,F27511
1,F27512
0,F27513
0,F27514
0,F27515
0,F27516
0,F27517
0,F27518
0,F27519
0,F27520
1,F27521
0,F27522
0,F27523
0,F27524
0,F27525
0,F27526
0,F27527
0,F27528
0,F27529
0,F27530
0,F27531
0,F27532
0,F27533
1,F27534
0,F27535
0,F27536
0,F27537
0,F27538
0,F27539
0,F27540
0,F27541
0,F27542
1,F27543
0,F27544
0,F27545
0,F27546
0,F27547
0,F27548
0,F27549
0,F27550
0,F27551
0,F27552
0,F27553
0,F27554
1,F27555
0,F27556
0,F27557
0,F27558
1,F27559
0,F27560
0,F27561
0,F27562
0,F27563
0,F27564
0,F27565
1,F27566
0,F27567
0,F27568
1,F27569
1,F27570
0,F27571
0,F27572
0,F27573
0,F27574
0,F27575
1,F27576
0,F27577
0,F27578
1,F27579
1,F27580
0,F27581
0,F27582
0,F27583
0,F27584
0,F27585
0,F27586
0,F27587
1,F27588
0,F27589
1,F27590
1,F27591
0,F27592
1,F27593
1,F27594
0,F27595
0,F27596
1,F27597
0,F27598
0,F27599
0,F27600
0,F27601
0,F27602
0,F27603
1,F27604
0,F27605
1,F27606
1,F27607
0,F27608
0,F27609
0,F27610
0,F27611
0,F27612
0,F27613
1,F27614
0,F27615
0,F27616
1,F27617
1,F27618
0,F27619
0,F27620
0,F27621
1,F27622
0,F27623
1,F27624
0,F27625
0,F27626
1,F27627
1,F27628
1,F27629
0,F27630
0,F27631
0,F27632
1,F27633
0,F27634
1,F27635
1,F27636
0,F27637
0,F27638
1,F27639
1,F27640
0,F27641
0,F27642
1,F27643
0,F27644
1,F27645
1,F27646
0,F27647
0,F27648
0,F27649
0,F27650
0,F27651
0,F27652
0,F27653
0,F27654
0,F27655
0,F27656
0,F27657
0,F27658
0,F27659
0,F27660
0,F27661
0,F27662
0,F27663
0,F27664
0,F27665
0,F27666
0,F27667
1,F27668
0,F27669
0,F27670
1,F27671
0,F27672
0,F27673
0,F27674
0,F27675
0,F27676
0,F27677
0,F27678
0,F27679
0,F27680
0,F27681
1,F27682
0,F27683
0,F27684
0,F27685
0,F27686
0,F27687
0,F27688
0,F27689
0,F27690
1,F27691
1,F27692
0,F27693
1,F27694
1,F27695
0,F27696
0,F27697
0,F27698
0,F27699
0,F27700
0,F27701
1,F27702
1,F27703
1,F27704
1,F27705
0,F27706
1,F27707
0,F27708
0,F27709
0,F27710
1,F27711
0,F27712
0,F27713
1,F27714
0,F27715
0,F27716
0,F27717
1,F27718
0,F27719
0,F27720
0,F27721
1,F27722
0,F27723
0,F27724
0,F27725
0,F27726
0,F27727
0,F27728
1,F27729
0,F27730
0,F27731
0,F27732
0,F27733
0,F27734
0,F27735
0,F27736
0,F27737
0,F27738
0,F27739
0,F27740
0,F27741
0,F27742
0,F27743
0,F27744
0,F27745
0,F27746
1,F27747
1,F27748
1,F27749
0,F27750
0,F27751
0,F27752
0,F27753
1,F27754
0,F27755
0,F27756
0,F27757
0,F27758
0,F27759
0,F27760
0,F27761
0,F27762
0,F27763
0,F27764
0,F27765
0,F27766
0,F27767
0,F27768
0,F27769
0,F27770
0,F27771
0,F27772
0,F27773
0,F27774
0,F27775
0,F27776
0,F27777
1,F27778
1,F27779
0,F27780
0,F27781
0,F27782
0,F27783
0,F27784
0,F27785
0,F27786
0,F27787
1,F27788
0,F27789
0,F27790
0,F27791
0,F27792
0,F27793
0,F27794
0,F27795
0,F27796
0,F27797
0,F27798
0,F27799
0,F27800
0,F27801
0,F27802
1,F27803
0,F27804
0,F27805
1,F27806
1,F27807
0,F27808
0,F27809
0,F27810
0,F27811
0,F27812
0,F27813
0,F27814
1,F27815
0,F27816
0,F27817
0,F27818
0,F27819
0,F27820
1,F27821
0,F27822
0,F27823
1,F27824
1,F27825
0,F27826
0,F27827
0,F27828
0,F27829
0,F27830
0,F27831
1,F27832
1,F27833
0,F27834
0,F27835
0,F27836
0,F27837
0,F27838
1,F27839
0,F27840
1,F27841
0,F27842
1,F27843
1,F27844
1,F27845
0,F27846
1,F27847
0,F27848
1,F27849
0,F27850
1,F27851
1,F27852
1,F27853
0,F27854
1,F27855
1,F27856
0,F27857
0,F27858
0,F27859
0,F27860
0,F27861
0,F27862
1,F27863
0,F27864
1,F27865
0,F27866
0,F27867
0,F27868
0,F27869
1,F27870
0,F27871
0,F27872
0,F27873
0,F27874
0,F27875
1,F27876
1,F27877
0,F27878
0,F27879
0,F27880
0,F27881
0,F27882
0,F27883
0,F27884
0,F27885
1,F27886
0,F27887
1,F27888
0,F27889
0,F27890
0,F27891
0,F27892
0,F27893
0,F27894
0,F27895
1,F27896
0,F27897
1,F27898
0,F27899
1,F27900
0,F27901
0,F27902
0,F27903
0,F27904
0,F27905
0,F27906
0,F27907
1,F27908
0,F27909
0,F27910
0,F27911
0,F27912
0,F27913
0,F27914
0,F27915
0,F27916
0,F27917
0,F27918
1,F27919
0,F27920
1,F27921
1,F27922
0,F27923
0,F27924
0,F27925
1,F27926
0,F27927
0,F27928
1,F27929
0,F27930
0,F27931
0,F27932
0,F27933
0,F27934
0,F27935
0,F27936
0,F27937
0,F27938
0,F27939
0,F27940
0,F27941
0,F27942
0,F27943
0,F27944
0,F27945
0,F27946
1,F27947
0,F27948
0,F27949
0,F27950
0,F27951
0,F27952
0,F27953
1,F27954
1,F27955
0,F27956
0,F27957
1,F27958
0,F27959
1,F27960
0,F27961
0,F27962
0,F27963
0,F27964
1,F27965
0,F27966
0,F27967
0,F27968
0,F27969
0,F27970
1,F27971
0,F27972
0,F27973
0,F27974
1,F27975
1,F27976
0,F27977
0,F27978
0,F27979
0,F27980
0,F27981
0,F27982
1,F27983
0,F27984
1,F27985
1,F27986
0,F27987
0,F27988
0,F27989
0,F27990
0,F27991
1,F27992
0,F27993
0,F27994
0,F27995
1,F27996
0,F27997
0,F27998
0,F27999
0,F28000
1,F28001
0,F28002
1,F28003
0,F28004
0,F28005
0,F28006
0,F28007
0,F28008
1,F28009
0,F28010
0,F28011
0,F28012
0,F28013
1,F28014
0,F28015
1,F28016
1,F28017
0,F28018
0,F28019
1,F28020
1,F28021
0,F28022
0,F28023
0,F28024
0,F28025
0,F28026
0,F28027
0,F28028
0,F28029
0,F28030
0,F28031
0,F28032
1,F28033
0,F28034
0,F28035
0,F28036
1,F28037
1,F28038
0,F28039
0,F28040
0,F28041
0,F28042
0,F28043
0,F28044
0,F28045
0,F28046
0,F28047
1,F28048
0,F28049
1,F28050
0,F28051
0,F28052
0,F28053
0,F28054
1,F28055
0,F28056
0,F28057
0,F28058
0,F28059
0,F28060
1,F28061
1,F28062
0,F28063
0,F28064
0,F28065
1,F28066
0,F28067
0,F28068
0,F28069
1,F28070
1,F28071
1,F28072
0,F28073
1,F28074
0,F28075
0,F28076
0,F28077
0,F28078
1,F28079
0,F28080
0,F28081
0,F28082
0,F28083
0,F28084
0,F28085
0,F28086
0,F28087
0,F28088
1,F28089
0,F28090
0,F28091
0,F28092
0,F28093
0,F28094
0,F28095
0,F28096
0,F28097
0,F28098
1,F28099
0,F28100
0,F28101
1,F28102
0,F28103
0,F28104
0,F28105
0,F28106
0,F28107
1,F28108
1,F28109
0,F28110
0,F28111
0,F28112
0,F28113
0,F28114
0,F28115
1,F28116
0,F28117
0,F28118
0,F28119
0,F28120
1,F28121
1,F28122
0,F28123
1,F28124
0,F28125
0,F28126
1,F28127
0,F28128
0,F28129
0,F28130
0,F28131
0,F28132
0,F28133
0,F28134
1,F28135
1,F28136
1,F28137
0,F28138
0,F28139
0,F28140
0,F28141
0,F28142
1,F28143
0,F28144
0,F28145
0,F28146
0,F28147
0,F28148
1,F28149
1,F28150
0,F28151
0,F28152
0,F28153
1,F28154
0,F28155
0,F28156
0,F28157
0,F28158
0,F28159
1,F28160
0,F28161
0,F28162
0,F28163
0,F28164
1,F28165
0,F28166
0,F28167
0,F28168
0,F28169
1,F28170
0,F28171
0,F28172
0,F28173
0,F28174
0,F28175
0,F28176
1,F28177
0,F28178
1,F28179
1,F28180
0,F28181
1,F28182
1,F28183
0,F28184
0,F28185
0,F28186
0,F28187
0,F28188
0,F28189
0,F28190
0,F28191
0,F28192
0,F28193
1,F28194
0,F28195
0,F28196
0,F28197
0,F28198
1,F28199
1,F28200
1,F28201
0,F28202
0,F28203
0,F28204
0,F28205
0,F28206
0,F28207
1,F28208
1,F28209
1,F28210
0,F28211
0,F28212
0,F28213
0,F28214
0,F28215
1,F28216
0,F28217
1,F28218
0,F28219
0,F28220
1,F28221
0,F28222
1,F28223
0,F28224
0,F28225
0,F28226
0,F28227
0,F28228
0,F28229
0,F28230
1,F28231
0,F28232
0,F28233
0,F28234
0,F28235
1,F28236
0,F28237
0,F28238
0,F28239
1,F28240
0,F28241
0,F28242
1,F28243
0,F28244
1,F28245
0,F28246
0,F28247
0,F28248
1,F28249
0,F28250
0,F28251
0,F28252
0,F28253
0,F28254
0,F28255
0,F28256
0,F28257
0,F28258
0,F28259
1,F28260
0,F28261
0,F28262
0,F28263
1,F28264
0,F28265
0,F28266
1,F28267
0,F28268
1,F28269
0,F28270
0,F28271
0,F28272
0,F28273
0,F28274
0,F28275
0,F28276
0,F28277
0,F28278
0,F28279
0,F28280
0,F28281
0,F28282
0,F28283
0,F28284
0,F28285
0,F28286
0,F28287
1,F28288
1,F28289
0,F28290
0,F28291
0,F28292
0,F28293
1,F28294
1,F28295
0,F28296
0,F28297
0,F28298
1,F28299
0,F28300
0,F28301
1,F28302
0,F28303
0,F28304
0,F28305
0,F28306
0,F28307
0,F28308
0,F28309
1,F28310
0,F28311
0,F28312
1,F28313
0,F28314
1,F28315
1,F28316
0,F28317
0,F28318
0,F28319
0,F28320
0,F28321
0,F28322
0,F28323
0,F28324
0,F28325
1,F28326
0,F28327
1,F28328
0,F28329
1,F28330
0,F28331
0,F28332
1,F28333
0,F28334
0,F28335
0,F28336
1,F28337
1,F28338
0,F28339
0,F28340
0,F28341
1,F28342
1,F28343
0,F28344
1,F28345
1,F28346
1,F28347
0,F28348
1,F28349
0,F28350
0,F28351
1,F28352
0,F28353
0,F28354
1,F28355
1,F28356
0,F28357
0,F28358
0,F28359
0,F28360
0,F28361
0,F28362
0,F28363
0,F28364
0,F28365
0,F28366
0,F28367
0,F28368
0,F28369
0,F28370
0,F28371
1,F28372
0,F28373
0,F28374
1,F28375
0,F28376
0,F28377
0,F28378
0,F28379
0,F28380
1,F28381
1,F28382
0,F28383
0,F28384
0,F28385
0,F28386
0,F28387
0,F28388
1,F28389
0,F28390
0,F28391
1,F28392
0,F28393
1,F28394
0,F28395
0,F28396
0,F28397
0,F28398
1,F28399
0,F28400
0,F28401
0,F28402
0,F28403
0,F28404
1,F28405
0,F28406
0,F28407
0,F28408
1,F28409
1,F28410
0,F28411
0,F28412
1,F28413
0,F28414
0,F28415
0,F28416
0,F28417
0,F28418
1,F28419
0,F28420
1,F28421
0,F28422
0,F28423
0,F28424
0,F28425
0,F28426
0,F28427
0,F28428
0,F28429
0,F28430
0,F28431
0,F28432
0,F28433
0,F28434
0,F28435
1,F28436
0,F28437
1,F28438
0,F28439
0,F28440
0,F28441
0,F28442
0,F28443
1,F28444
0,F28445
0,F28446
0,F28447
0,F28448
0,F28449
0,F28450
0,F28451
0,F28452
1,F28453
1,F28454
1,F28455
0,F28456
0,F28457
0,F28458
1,F28459
0,F28460
0,F28461
0,F28462
0,F28463
1,F28464
0,F28465
0,F28466
0,F28467
0,F28468
1,F28469
0,F28470
0,F28471
0,F28472
0,F28473
0,F28474
0,F28475
0,F28476
0,F28477
0,F28478
0,F28479
0,F28480
1,F28481
1,F28482
1,F28483
0,F28484
0,F28485
0,F28486
0,F28487
0,F28488
0,F28489
0,F28490
0,F28491
1,F28492
1,F28493
0,F28494
0,F28495
0,F28496
1,F28497
0,F28498
1,F28499
0,F28500
1,F28501
0,F28502
1,F28503
0,F28504
0,F28505
0,F28506
0,F28507
1,F28508
1,F28509
0,F28510
0,F28511
0,F28512
0,F28513
0,F28514
0,F28515
0,F28516
0,F28517
0,F28518
0,F28519
1,F28520
0,F28521
1,F28522
0,F28523
0,F28524
0,F28525
0,F28526
0,F28527
1,F28528
0,F28529
0,F28530
0,F28531
0,F28532
1,F28533
0,F28534
0,F28535
0,F28536
0,F28537
0,F28538
0,F28539
1,F28540
0,F28541
0,F28542
0,F28543
0,F28544
0,F28545
0,F28546
0,F28547
0,F28548
0,F28549
0,F28550
0,F28551
0,F28552
1,F28553
0,F28554
0,F28555
1,F28556
0,F28557
0,F28558
0,F28559
0,F28560
0,F28561
0,F28562
0,F28563
0,F28564
0,F28565
0,F28566
0,F28567
0,F28568
0,F28569
0,F28570
0,F28571
0,F28572
0,F28573
0,F28574
1,F28575
0,F28576
0,F28577
0,F28578
0,F28579
0,F28580
0,F28581
0,F28582
0,F28583
1,F28584
0,F28585
1,F28586
0,F28587
0,F28588
0,F28589
0,F28590
0,F28591
1,F28592
0,F28593
1,F28594
0,F28595
1,F28596
1,F28597
1,F28598
0,F28599
0,F28600
0,F28601
0,F28602
0,F28603
1,F28604
0,F28605
0,F28606
0,F28607
0,F28608
1,F28609
0,F28610
1,F28611
1,F28612
0,F28613
0,F28614
0,F28615
1,F28616
1,F28617
1,F28618
0,F28619
0,F28620
0,F28621
1,F28622
1,F28623
0,F28624
1,F28625
0,F28626
0,F28627
0,F28628
1,F28629
1,F28630
0,F28631
1,F28632
0,F28633
1,F28634
1,F28635
0,F28636
0,F28637
1,F28638
0,F28639
0,F28640
0,F28641
0,F28642
0,F28643
0,F28644
0,F28645
0,F28646
1,F28647
0,F28648
0,F28649
0,F28650
0,F28651
0,F28652
0,F28653
0,F28654
1,F28655
1,F28656
0,F28657
0,F28658
0,F28659
0,F28660
0,F28661
0,F28662
0,F28663
0,F28664
1,F28665
0,F28666
0,F28667
1,F28668
0,F28669
0,F28670
1,F28671
1,F28672
1,F28673
1,F28674
0,F28675
0,F28676
0,F28677
0,F28678
1,F28679
0,F28680
0,F28681
0,F28682
0,F28683
0,F28684
0,F28685
0,F28686
0,F28687
0,F28688
0,F28689
0,F28690
1,F28691
1,F28692
0,F28693
0,F28694
0,F28695
1,F28696
0,F28697
0,F28698
0,F28699
0,F28700
1,F28701
0,F28702
0,F28703
0,F28704
0,F28705
0,F28706
0,F28707
0,F28708
0,F28709
0,F28710
1,F28711
0,F28712
0,F28713
0,F28714
0,F28715
1,F28716
0,F28717
0,F28718
0,F28719
0,F28720
0,F28721
1,F28722
0,F28723
0,F28724
0,F28725
0,F28726
0,F28727
0,F28728
0,F28729
0,F28730
0,F28731
0,F28732
0,F28733
0,F28734
0,F28735
0,F28736
0,F28737
0,F28738
1,F28739
0,F28740
0,F28741
0,F28742
0,F28743
0,F28744
0,F28745
0,F28746
1,F28747
0,F28748
0,F28749
0,F28750
0,F28751
0,F28752
0,F28753
0,F28754
0,F28755
0,F28756
0,F28757
0,F28758
0,F28759
0,F28760
0,F28761
0,F28762
0,F28763
0,F28764
0,F28765
0,F28766
0,F28767
0,F28768
0,F28769
0,F28770
0,F28771
0,F28772
0,F28773
1,F28774
1,F28775
0,F28776
1,F28777
0,F28778
0,F28779
0,F28780
1,F28781
0,F28782
1,F28783
1,F28784
0,F28785
0,F28786
0,F28787
0,F28788
0,F28789
0,F28790
0,F28791
0,F28792
0,F28793
1,F28794
0,F28795
0,F28796
0,F28797
0,F28798
0,F28799
0,F28800
1,F28801
0,F28802
1,F28803
0,F28804
1,F28805
0,F28806
1,F28807
1,F28808
0,F28809
0,F28810
0,F28811
0,F28812
1,F28813
1,F28814
0,F28815
1,F28816
0,F28817
0,F28818
0,F28819
0,F28820
0,F28821
1,F28822
0,F28823
0,F28824
0,F28825
0,F28826
0,F28827
0,F28828
0,F28829
0,F28830
0,F28831
0,F28832
0,F28833
0,F28834
0,F28835
0,F28836
1,F28837
0,F28838
1,F28839
0,F28840
0,F28841
0,F28842
0,F28843
0,F28844
0,F28845
0,F28846
0,F28847
0,F28848
0,F28849
0,F28850
0,F28851
0,F28852
0,F28853
0,F28854
0,F28855
0,F28856
0,F28857
0,F28858
0,F28859
0,F28860
0,F28861
0,F28862
0,F28863
1,F28864
0,F28865
0,F28866
0,F28867
0,F28868
0,F28869
0,F28870
0,F28871
1,F28872
0,F28873
0,F28874
1,F28875
0,F28876
1,F28877
0,F28878
0,F28879
1,F28880
0,F28881
0,F28882
1,F28883
0,F28884
0,F28885
0,F28886
0,F28887
0,F28888
0,F28889
0,F28890
0,F28891
1,F28892
0,F28893
0,F28894
0,F28895
0,F28896
1,F28897
0,F28898
0,F28899
0,F28900
0,F28901
0,F28902
0,F28903
0,F28904
0,F28905
1,F28906
0,F28907
0,F28908
1,F28909
0,F28910
0,F28911
0,F28912
0,F28913
0,F28914
0,F28915
0,F28916
0,F28917
0,F28918
0,F28919
1,F28920
0,F28921
1,F28922
0,F28923
0,F28924
1,F28925
0,F28926
1,F28927
1,F28928
0,F28929
0,F28930
1,F28931
1,F28932
0,F28933
0,F28934
0,F28935
0,F28936
1,F28937
1,F28938
0,F28939
0,F28940
0,F28941
1,F28942
0,F28943
0,F28944
0,F28945
0,F28946
0,F28947
1,F28948
1,F28949
1,F28950
0,F28951
0,F28952
0,F28953
1,F28954
1,F28955
0,F28956
1,F28957
0,F28958
1,F28959
0,F28960
1,F28961
0,F28962
0,F28963
0,F28964
0,F28965
0,F28966
0,F28967
0,F28968
1,F28969
1,F28970
0,F28971
0,F28972
0,F28973
0,F28974
0,F28975
0,F28976
0,F28977
0,F28978
0,F28979
0,F28980
0,F28981
1,F28982
0,F28983
0,F28984
0,F28985
1,F28986
1,F28987
0,F28988
0,F28989
0,F28990
0,F28991
0,F28992
1,F28993
0,F28994
0,F28995
1,F28996
0,F28997
0,F28998
0,F28999
1,F29000
1,F29001
0,F29002
0,F29003
1,F29004
0,F29005
0,F29006
0,F29007
0,F29008
0,F29009
0,F29010
0,F29011
0,F29012
1,F29013
0,F29014
1,F29015
0,F29016
0,F29017
0,F29018
0,F29019
1,F29020
0,F29021
0,F29022
0,F29023
1,F29024
0,F29025
0,F29026
0,F29027
1,F29028
1,F29029
0,F29030
0,F29031
0,F29032
0,F29033
0,F29034
0,F29035
0,F29036
0,F29037
0,F29038
0,F29039
1,F29040
0,F29041
0,F29042
0,F29043
0,F29044
0,F29045
0,F29046
1,F29047
0,F29048
0,F29049
1,F29050
0,F29051
0,F29052
0,F29053
1,F29054
0,F29055
0,F29056
0,F29057
1,F29058
0,F29059
1,F29060
0,F29061
0,F29062
1,F29063
0,F29064
0,F29065
0,F29066
0,F29067
1,F29068
1,F29069
1,F29070
0,F29071
0,F29072
0,F29073
0,F29074
0,F29075
0,F29076
0,F29077
1,F29078
1,F29079
0,F29080
0,F29081
0,F29082
0,F29083
0,F29084
0,F29085
0,F29086
0,F29087
0,F29088
0,F29089
0,F29090
0,F29091
0,F29092
0,F29093
0,F29094
0,F29095
1,F29096
0,F29097
0,F29098
0,F29099
1,F29100
1,F29101
0,F29102
1,F29103
0,F29104
0,F29105
0,F29106
0,F29107
1,F29108
1,F29109
0,F29110
0,F29111
0,F29112
0,F29113
0,F29114
0,F29115
0,F29116
0,F29117
0,F29118
0,F29119
0,F29120
0,F29121
1,F29122
0,F29123
1,F29124
0,F29125
0,F29126
0,F29127
0,F29128
0,F29129
0,F29130
1,F29131
0,F29132
1,F29133
0,F29134
0,F29135
0,F29136
0,F29137
0,F29138
0,F29139
1,F29140
0,F29141
0,F29142
1,F29143
0,F29144
1,F29145
0,F29146
0,F29147
1,F29148
0,F29149
0,F29150
0,F29151
0,F29152
0,F29153
0,F29154
0,F29155
1,F29156
0,F29157
1,F29158
1,F29159
0,F29160
0,F29161
0,F29162
0,F29163
0,F29164
1,F29165
0,F29166
0,F29167
1,F29168
1,F29169
0,F29170
1,F29171
0,F29172
1,F29173
0,F29174
0,F29175
1,F29176
0,F29177
0,F29178
0,F29179
0,F29180
0,F29181
0,F29182
1,F29183
0,F29184
0,F29185
0,F29186
0,F29187
1,F29188
0,F29189
0,F29190
0,F29191
0,F29192
0,F29193
0,F29194
0,F29195
0,F29196
0,F29197
0,F29198
1,F29199
0,F29200
0,F29201
0,F29202
0,F29203
0,F29204
0,F29205
0,F29206
0,F29207
1,F29208
1,F29209
0,F29210
1,F29211
1,F29212
0,F29213
1,F29214
0,F29215
0,F29216
0,F29217
1,F29218
0,F29219
0,F29220
1,F29221
0,F29222
0,F29223
0,F29224
0,F29225
0,F29226
0,F29227
1,F29228
0,F29229
0,F29230
0,F29231
0,F29232
0,F29233
0,F29234
1,F29235
0,F29236
0,F29237
1,F29238
0,F29239
0,F29240
0,F29241
0,F29242
0,F29243
0,F29244
0,F29245
0,F29246
0,F29247
0,F29248
0,F29249
1,F29250
1,F29251
0,F29252
1,F29253
0,F29254
0,F29255
1,F29256
1,F29257
0,F29258
0,F29259
0,F29260
0,F29261
1,F29262
0,F29263
0,F29264
1,F29265
0,F29266
0,F29267
0,F29268
1,F29269
0,F29270
0,F29271
0,F29272
0,F29273
0,F29274
0,F29275
0,F29276
0,F29277
0,F29278
0,F29279
0,F29280
0,F29281
0,F29282
0,F29283
0,F29284
1,F29285
0,F29286
0,F29287
1,F29288
0,F29289
1,F29290
0,F29291
0,F29292
0,F29293
0,F29294
1,F29295
0,F29296
0,F29297
0,F29298
0,F29299
0,F29300
0,F29301
0,F29302
0,F29303
0,F29304
0,F29305
0,F29306
0,F29307
0,F29308
0,F29309
0,F29310
0,F29311
1,F29312
0,F29313
0,F29314
0,F29315
0,F29316
0,F29317
1,F29318
1,F29319
1,F29320
1,F29321
0,F29322
1,F29323
0,F29324
0,F29325
0,F29326
0,F29327
0,F29328
1,F29329
0,F29330
0,F29331
0,F29332
0,F29333
1,F29334
0,F29335
1,F29336
1,F29337
1,F29338
0,F29339
1,F29340
0,F29341
0,F29342
1,F29343
0,F29344
0,F29345
0,F29346
1,F29347
1,F29348
0,F29349
0,F29350
0,F29351
0,F29352
0,F29353
1,F29354
0,F29355
0,F29356
0,F29357
0,F29358
0,F29359
0,F29360
0,F29361
1,F29362
1,F29363
0,F29364
1,F29365
1,F29366
0,F29367
0,F29368
0,F29369
0,F29370
1,F29371
0,F29372
0,F29373
0,F29374
0,F29375
0,F29376
0,F29377
0,F29378
1,F29379
0,F29380
0,F29381
0,F29382
0,F29383
1,F29384
0,F29385
0,F29386
1,F29387
0,F29388
0,F29389
1,F29390
0,F29391
0,F29392
0,F29393
0,F29394
0,F29395
0,F29396
0,F29397
0,F29398
0,F29399
0,F29400
0,F29401
1,F29402
0,F29403
0,F29404
0,F29405
0,F29406
0,F29407
0,F29408
1,F29409
0,F29410
0,F29411
0,F29412
0,F29413
0,F29414
0,F29415
0,F29416
0,F29417
0,F29418
1,F29419
1,F29420
0,F29421
0,F29422
0,F29423
0,F29424
0,F29425
1,F29426
0,F29427
0,F29428
0,F29429
0,F29430
0,F29431
0,F29432
0,F29433
0,F29434
1,F29435
0,F29436
0,F29437
0,F29438
0,F29439
1,F29440
0,F29441
1,F29442
1,F29443
0,F29444
0,F29445
0,F29446
0,F29447
1,F29448
0,F29449
1,F29450
1,F29451
0,F29452
0,F29453
0,F29454
0,F29455
0,F29456
1,F29457
0,F29458
1,F29459
0,F29460
0,F29461
0,F29462
1,F29463
1,F29464
0,F29465
0,F29466
0,F29467
0,F29468
1,F29469
0,F29470
0,F29471
1,F29472
0,F29473
1,F29474
0,F29475
0,F29476
0,F29477
0,F29478
0,F29479
0,F29480
0,F29481
0,F29482
0,F29483
0,F29484
0,F29485
0,F29486
1,F29487
0,F29488
0,F29489
0,F29490
0,F29491
0,F29492
0,F29493
0,F29494
0,F29495
0,F29496
0,F29497
0,F29498
0,F29499
1,F29500
0,F29501
0,F29502
0,F29503
0,F29504
1,F29505
0,F29506
0,F29507
0,F29508
0,F29509
0,F29510
1,F29511
0,F29512
0,F29513
1,F29514
1,F29515
1,F29516
0,F29517
0,F29518
1,F29519
0,F29520
0,F29521
0,F29522
0,F29523
0,F29524
1,F29525
1,F29526
0,F29527
0,F29528
0,F29529
0,F29530
0,F29531
0,F29532
0,F29533
0,F29534
1,F29535
0,F29536
0,F29537
0,F29538
0,F29539
0,F29540
0,F29541
0,F29542
0,F29543
1,F29544
0,F29545
0,F29546
0,F29547
0,F29548
0,F29549
1,F29550
0,F29551
0,F29552
1,F29553
0,F29554
0,F29555
0,F29556
0,F29557
0,F29558
0,F29559
0,F29560
0,F29561
0,F29562
0,F29563
0,F29564
0,F29565
0,F29566
0,F29567
0,F29568
0,F29569
0,F29570
0,F29571
0,F29572
0,F29573
0,F29574
0,F29575
1,F29576
1,F29577
0,F29578
1,F29579
0,F29580
0,F29581
0,F29582
0,F29583
0,F29584
0,F29585
0,F29586
0,F29587
1,F29588
1,F29589
0,F29590
0,F29591
1,F29592
0,F29593
0,F29594
0,F29595
0,F29596
0,F29597
1,F29598
1,F29599
0,F29600
1,F29601
0,F29602
0,F29603
0,F29604
1,F29605
0,F29606
0,F29607
0,F29608
0,F29609
0,F29610
1,F29611
1,F29612
0,F29613
0,F29614
0,F29615
0,F29616
1,F29617
0,F29618
0,F29619
0,F29620
0,F29621
1,F29622
0,F29623
0,F29624
0,F29625
0,F29626
1,F29627
1,F29628
0,F29629
0,F29630
0,F29631
1,F29632
0,F29633
0,F29634
0,F29635
0,F29636
0,F29637
1,F29638
0,F29639
1,F29640
0,F29641
0,F29642
1,F29643
0,F29644
0,F29645
0,F29646
0,F29647
0,F29648
1,F29649
0,F29650
0,F29651
0,F29652
1,F29653
0,F29654
0,F29655
0,F29656
0,F29657
0,F29658
0,F29659
0,F29660
1,F29661
0,F29662
0,F29663
0,F29664
0,F29665
0,F29666
0,F29667
1,F29668
1,F29669
0,F29670
0,F29671
0,F29672
0,F29673
0,F29674
0,F29675
0,F29676
1,F29677
0,F29678
0,F29679
1,F29680
0,F29681
0,F29682
0,F29683
0,F29684
0,F29685
0,F29686
0,F29687
0,F29688
0,F29689
0,F29690
0,F29691
0,F29692
1,F29693
0,F29694
0,F29695
0,F29696
0,F29697
1,F29698
1,F29699
0,F29700
0,F29701
0,F29702
0,F29703
0,F29704
1,F29705
0,F29706
1,F29707
0,F29708
1,F29709
1,F29710
0,F29711
0,F29712
0,F29713
0,F29714
0,F29715
0,F29716
1,F29717
0,F29718
0,F29719
0,F29720
0,F29721
0,F29722
0,F29723
1,F29724
0,F29725
0,F29726
0,F29727
0,F29728
0,F29729
0,F29730
0,F29731
0,F29732
1,F29733
1,F29734
0,F29735
0,F29736
0,F29737
0,F29738
1,F29739
0,F29740
1,F29741
1,F29742
0,F29743
0,F29744
0,F29745
0,F29746
0,F29747
0,F29748
1,F29749
1,F29750
0,F29751
0,F29752
0,F29753
0,F29754
0,F29755
0,F29756
0,F29757
0,F29758
0,F29759
1,F29760
0,F29761
0,F29762
0,F29763
0,F29764
0,F29765
1,F29766
0,F29767
0,F29768
0,F29769
0,F29770
1,F29771
0,F29772
0,F29773
1,F29774
1,F29775
0,F29776
0,F29777
0,F29778
0,F29779
0,F29780
1,F29781
1,F29782
0,F29783
1,F29784
0,F29785
0,F29786
0,F29787
0,F29788
1,F29789
0,F29790
0,F29791
1,F29792
1,F29793
0,F29794
0,F29795
0,F29796
0,F29797
0,F29798
0,F29799
0,F29800
0,F29801
0,F29802
1,F29803
0,F29804
1,F29805
1,F29806
0,F29807
1,F29808
0,F29809
1,F29810
0,F29811
1,F29812
0,F29813
0,F29814
0,F29815
0,F29816
1,F29817
0,F29818
0,F29819
0,F29820
0,F29821
0,F29822
0,F29823
0,F29824
0,F29825
0,F29826
0,F29827
0,F29828
0,F29829
1,F29830
0,F29831
0,F29832
0,F29833
0,F29834
0,F29835
0,F29836
0,F29837
0,F29838
0,F29839
0,F29840
0,F29841
0,F29842
0,F29843
0,F29844
1,F29845
0,F29846
0,F29847
1,F29848
0,F29849
1,F29850
0,F29851
0,F29852
0,F29853
0,F29854
1,F29855
0,F29856
0,F29857
0,F29858
1,F29859
0,F29860
0,F29861
0,F29862
0,F29863
1,F29864
1,F29865
0,F29866
0,F29867
1,F29868
0,F29869
0,F29870
0,F29871
1,F29872
0,F29873
0,F29874
1,F29875
0,F29876
0,F29877
0,F29878
0,F29879
0,F29880
1,F29881
0,F29882
0,F29883
0,F29884
0,F29885
0,F29886
0,F29887
0,F29888
1,F29889
0,F29890
1,F29891
0,F29892
0,F29893
1,F29894
0,F29895
0,F29896
0,F29897
0,F29898
0,F29899
1,F29900
0,F29901
1,F29902
0,F29903
1,F29904
1,F29905
0,F29906
0,F29907
0,F29908
0,F29909
1,F29910
0,F29911
0,F29912
0,F29913
0,F29914
0,F29915
1,F29916
0,F29917
0,F29918
0,F29919
1,F29920
0,F29921
0,F29922
1,F29923
1,F29924
0,F29925
0,F29926
0,F29927
0,F29928
0,F29929
0,F29930
0,F29931
0,F29932
0,F29933
0,F29934
0,F29935
0,F29936
0,F29937
0,F29938
0,F29939
0,F29940
0,F29941
0,F29942
0,F29943
1,F29944
0,F29945
0,F29946
0,F29947
0,F29948
0,F29949
0,F29950
1,F29951
1,F29952
1,F29953
1,F29954
0,F29955
0,F29956
0,F29957
0,F29958
0,F29959
0,F29960
0,F29961
0,F29962
0,F29963
0,F29964
0,F29965
0,F29966
0,F29967
1,F29968
0,F29969
0,F29970
0,F29971
0,F29972
1,F29973
0,F29974
0,F29975
0,F29976
0,F29977
0,F29978
0,F29979
0,F29980
0,F29981
0,F29982
0,F29983
0,F29984
0,F29985
0,F29986
0,F29987
1,F29988
0,F29989
0,F29990
1,F29991
1,F29992
0,F29993
1,F29994
0,F29995
0,F29996
0,F29997
0,F29998
0,F29999
1,F30000
0,F30001
0,F30002
0,F30003
0,F30004
1,F30005
0,F30006
0,F30007
0,F30008
0,F30009
1,F30010
0,F30011
0,F30012
0,F30013
0,F30014
0,F30015
1,F30016
1,F30017
0,F30018
1,F30019
0,F30020
1,F30021
0,F30022
0,F30023
0,F30024
0,F30025
0,F30026
0,F30027
0,F30028
1,F30029
1,F30030
0,F30031
0,F30032
0,F30033
0,F30034
1,F30035
0,F30036
0,F30037
0,F30038
0,F30039
0,F30040
0,F30041
0,F30042
0,F30043
0,F30044
0,F30045
0,F30046
0,F30047
0,F30048
0,F30049
1,F30050
0,F30051
0,F30052
1,F30053
0,F30054
0,F30055
0,F30056
0,F30057
0,F30058
1,F30059
0,F30060
0,F30061
0,F30062
0,F30063
0,F30064
0,F30065
0,F30066
0,F30067
1,F30068
0,F30069
1,F30070
1,F30071
0,F30072
0,F30073
1,F30074
0,F30075
0,F30076
0,F30077
0,F30078
0,F30079
0,F30080
0,F30081
1,F30082
0,F30083
0,F30084
0,F30085
0,F30086
1,F30087
0,F30088
0,F30089
1,F30090
0,F30091
0,F30092
1,F30093
0,F30094
1,F30095
0,F30096
1,F30097
0,F30098
0,F30099
1,F30100
0,F30101
0,F30102
1,F30103
0,F30104
0,F30105
0,F30106
0,F30107
1,F30108
0,F30109
1,F30110
0,F30111
0,F30112
0,F30113
1,F30114
0,F30115
0,F30116
0,F30117
0,F30118
0,F30119
0,F30120
0,F30121
1,F30122
0,F30123
0,F30124
0,F30125
0,F30126
0,F30127
0,F30128
0,F30129
0,F30130
1,F30131
0,F30132
0,F30133
0,F30134
0,F30135
1,F30136
0,F30137
0,F30138
0,F30139
0,F30140
0,F30141
0,F30142
0,F30143
0,F30144
0,F30145
0,F30146
0,F30147
0,F30148
0,F30149
1,F30150
0,F30151
0,F30152
1,F30153
1,F30154
0,F30155
0,F30156
0,F30157
0,F30158
0,F30159
1,F30160
0,F30161
0,F30162
0,F30163
0,F30164
0,F30165
0,F30166
0,F30167
0,F30168
1,F30169
1,F30170
1,F30171
1,F30172
1,F30173
0,F30174
0,F30175
1,F30176
0,F30177
0,F30178
1,F30179
0,F30180
0,F30181
0,F30182
1,F30183
0,F30184
1,F30185
0,F30186
0,F30187
1,F30188
0,F30189
0,F30190
0,F30191
0,F30192
0,F30193
0,F30194
0,F30195
1,F30196
0,F30197
0,F30198
0,F30199
0,F30200
0,F30201
0,F30202
1,F30203
0,F30204
0,F30205
0,F30206
0,F30207
1,F30208
1,F30209
0,F30210
0,F30211
0,F30212
0,F30213
0,F30214
1,F30215
0,F30216
0,F30217
0,F30218
0,F30219
0,F30220
0,F30221
0,F30222
0,F30223
0,F30224
1,F30225
0,F30226
0,F30227
0,F30228
0,F30229
1,F30230
0,F30231
0,F30232
0,F30233
0,F30234
0,F30235
0,F30236
0,F30237
0,F30238
0,F30239
0,F30240
0,F30241
1,F30242
0,F30243
0,F30244
0,F30245
0,F30246
0,F30247
0,F30248
1,F30249
0,F30250
1,F30251
0,F30252
0,F30253
1,F30254
0,F30255
1,F30256
1,F30257
0,F30258
0,F30259
0,F30260
0,F30261
1,F30262
1,F30263
0,F30264
1,F30265
1,F30266
0,F30267
0,F30268
0,F30269
1,F30270
0,F30271
0,F30272
0,F30273
0,F30274
0,F30275
1,F30276
0,F30277
0,F30278
1,F30279
1,F30280
0,F30281
0,F30282
0,F30283
1,F30284
0,F30285
0,F30286
1,F30287
0,F30288
0,F30289
0,F30290
0,F30291
0,F30292
0,F30293
1,F30294
0,F30295
0,F30296
0,F30297
0,F30298
0,F30299
0,F30300
1,F30301
0,F30302
0,F30303
0,F30304
0,F30305
0,F30306
1,F30307
0,F30308
0,F30309
0,F30310
0,F30311
0,F30312
0,F30313
0,F30314
0,F30315
0,F30316
0,F30317
0,F30318
1,F30319
0,F30320
0,F30321
1,F30322
0,F30323
0,F30324
0,F30325
0,F30326
0,F30327
1,F30328
1,F30329
0,F30330
0,F30331
1,F30332
0,F30333
0,F30334
0,F30335
0,F30336
0,F30337
0,F30338
0,F30339
0,F30340
0,F30341
0,F30342
1,F30343
0,F30344
0,F30345
0,F30346
0,F30347
0,F30348
0,F30349
0,F30350
1,F30351
0,F30352
0,F30353
1,F30354
1,F30355
1,F30356
1,F30357
0,F30358
0,F30359
0,F30360
1,F30361
0,F30362
0,F30363
0,F30364
0,F30365
0,F30366
0,F30367
0,F30368
1,F30369
0,F30370
0,F30371
0,F30372
1,F30373
0,F30374
0,F30375
0,F30376
0,F30377
0,F30378
1,F30379
1,F30380
0,F30381
0,F30382
0,F30383
1,F30384
0,F30385
0,F30386
1,F30387
0,F30388
0,F30389
0,F30390
1,F30391
0,F30392
0,F30393
0,F30394
0,F30395
0,F30396
0,F30397
0,F30398
1,F30399
0,F30400
0,F30401
0,F30402
0,F30403
0,F30404
1,F30405
0,F30406
0,F30407
0,F30408
0,F30409
1,F30410
0,F30411
1,F30412
1,F30413
1,F30414
1,F30415
0,F30416
0,F30417
0,F30418
1,F30419
1,F30420
0,F30421
1,F30422
0,F30423
0,F30424
0,F30425
0,F30426
0,F30427
1,F30428
1,F30429
0,F30430
0,F30431
1,F30432
1,F30433
1,F30434
0,F30435
0,F30436
0,F30437
1,F30438
0,F30439
0,F30440
0,F30441
0,F30442
0,F30443
0,F30444
0,F30445
0,F30446
0,F30447
1,F30448
0,F30449
0,F30450
1,F30451
1,F30452
1,F30453
1,F30454
1,F30455
0,F30456
1,F30457
0,F30458
0,F30459
1,F30460
0,F30461
1,F30462
0,F30463
0,F30464
0,F30465
0,F30466
0,F30467
0,F30468
0,F30469
0,F30470
0,F30471
0,F30472
0,F30473
0,F30474
0,F30475
1,F30476
0,F30477
1,F30478
0,F30479
0,F30480
0,F30481
0,F30482
1,F30483
0,F30484
0,F30485
0,F30486
0,F30487
0,F30488
0,F30489
0,F30490
0,F30491
0,F30492
0,F30493
0,F30494
0,F30495
1,F30496
0,F30497
0,F30498
0,F30499
0,F30500
0,F30501
0,F30502
0,F30503
0,F30504
0,F30505
0,F30506
1,F30507
0,F30508
1,F30509
1,F30510
0,F30511
1,F30512
0,F30513
0,F30514
0,F30515
1,F30516
1,F30517
1,F30518
1,F30519
0,F30520
0,F30521
0,F30522
0,F30523
0,F30524
1,F30525
0,F30526
0,F30527
0,F30528
0,F30529
0,F30530
0,F30531
0,F30532
0,F30533
0,F30534
0,F30535
0,F30536
0,F30537
0,F30538
0,F30539
1,F30540
1,F30541
0,F30542
1,F30543
0,F30544
0,F30545
0,F30546
0,F30547
0,F30548
0,F30549
1,F30550
0,F30551
0,F30552
0,F30553
0,F30554
0,F30555
0,F30556
0,F30557
0,F30558
0,F30559
1,F30560
0,F30561
0,F30562
1,F30563
0,F30564
0,F30565
0,F30566
0,F30567
1,F30568
1,F30569
0,F30570
0,F30571
1,F30572
0,F30573
0,F30574
0,F30575
1,F30576
0,F30577
1,F30578
0,F30579
0,F30580
1,F30581
1,F30582
0,F30583
0,F30584
0,F30585
0,F30586
0,F30587
0,F30588
0,F30589
0,F30590
0,F30591
0,F30592
1,F30593
0,F30594
1,F30595
0,F30596
0,F30597
0,F30598
0,F30599
0,F30600
0,F30601
0,F30602
0,F30603
0,F30604
0,F30605
1,F30606
0,F30607
0,F30608
1,F30609
0,F30610
0,F30611
0,F30612
0,F30613
0,F30614
0,F30615
0,F30616
0,F30617
1,F30618
1,F30619
0,F30620
0,F30621
0,F30622
0,F30623
0,F30624
0,F30625
1,F30626
0,F30627
0,F30628
1,F30629
0,F30630
1,F30631
1,F30632
0,F30633
0,F30634
1,F30635
0,F30636
0,F30637
0,F30638
0,F30639
0,F30640
0,F30641
0,F30642
1,F30643
1,F30644
0,F30645
0,F30646
0,F30647
0,F30648
0,F30649
0,F30650
1,F30651
0,F30652
0,F30653
1,F30654
0,F30655
0,F30656
1,F30657
0,F30658
1,F30659
0,F30660
0,F30661
1,F30662
0,F30663
0,F30664
0,F30665
0,F30666
1,F30667
0,F30668
0,F30669
0,F30670
0,F30671
0,F30672
0,F30673
0,F30674
0,F30675
0,F30676
0,F30677
0,F30678
0,F30679
0,F30680
1,F30681
1,F30682
0,F30683
1,F30684
0,F30685
0,F30686
1,F30687
1,F30688
0,F30689
0,F30690
0,F30691
0,F30692
0,F30693
1,F30694
1,F30695
0,F30696
1,F30697
1,F30698
0,F30699
0,F30700
1,F30701
0,F30702
1,F30703
0,F30704
0,F30705
0,F30706
0,F30707
0,F30708
0,F30709
0,F30710
0,F30711
0,F30712
0,F30713
0,F30714
0,F30715
0,F30716
0,F30717
1,F30718
0,F30719
1,F30720
1,F30721
0,F30722
1,F30723
0,F30724
0,F30725
0,F30726
1,F30727
0,F30728
0,F30729
0,F30730
0,F30731
0,F30732
0,F30733
0,F30734
0,F30735
0,F30736
0,F30737
0,F30738
0,F30739
0,F30740
0,F30741
1,F30742
0,F30743
0,F30744
0,F30745
0,F30746
1,F30747
0,F30748
0,F30749
0,F30750
0,F30751
0,F30752
0,F30753
0,F30754
0,F30755
0,F30756
1,F30757
1,F30758
0,F30759
1,F30760
1,F30761
0,F30762
1,F30763
0,F30764
0,F30765
0,F30766
0,F30767
0,F30768
0,F30769
1,F30770
0,F30771
0,F30772
0,F30773
0,F30774
0,F30775
0,F30776
0,F30777
0,F30778
0,F30779
0,F30780
0,F30781
1,F30782
0,F30783
1,F30784
0,F30785
1,F30786
0,F30787
0,F30788
0,F30789
0,F30790
0,F30791
0,F30792
0,F30793
0,F30794
0,F30795
0,F30796
0,F30797
0,F30798
0,F30799
0,F30800
0,F30801
0,F30802
0,F30803
0,F30804
0,F30805
0,F30806
0,F30807
0,F30808
1,F30809
0,F30810
0,F30811
1,F30812
0,F30813
1,F30814
0,F30815
0,F30816
0,F30817
1,F30818
0,F30819
0,F30820
0,F30821
0,F30822
0,F30823
0,F30824
1,F30825
1,F30826
1,F30827
0,F30828
1,F30829
0,F30830
0,F30831
1,F30832
1,F30833
0,F30834
0,F30835
0,F30836
0,F30837
0,F30838
1,F30839
0,F30840
0,F30841
0,F30842
1,F30843
1,F30844
1,F30845
0,F30846
0,F30847
0,F30848
0,F30849
0,F30850
0,F30851
0,F30852
0,F30853
1,F30854
1,F30855
0,F30856
0,F30857
1,F30858
0,F30859
0,F30860
0,F30861
0,F30862
0,F30863
0,F30864
0,F30865
0,F30866
1,F30867
0,F30868
1,F30869
0,F30870
0,F30871
0,F30872
0,F30873
1,F30874
0,F30875
0,F30876
0,F30877
1,F30878
0,F30879
1,F30880
1,F30881
0,F30882
0,F30883
0,F30884
0,F30885
0,F30886
0,F30887
0,F30888
0,F30889
1,F30890
1,F30891
0,F30892
0,F30893
0,F30894
0,F30895
0,F30896
0,F30897
1,F30898
0,F30899
0,F30900
0,F30901
0,F30902
0,F30903
0,F30904
0,F30905
1,F30906
1,F30907
0,F30908
0,F30909
0,F30910
0,F30911
0,F30912
1,F30913
0,F30914
1,F30915
0,F30916
0,F30917
1,F30918
0,F30919
0,F30920
0,F30921
0,F30922
1,F30923
0,F30924
0,F30925
0,F30926
0,F30927
0,F30928
1,F30929
0,F30930
0,F30931
1,F30932
0,F30933
0,F30934
0,F30935
0,F30936
0,F30937
1,F30938
1,F30939
0,F30940
0,F30941
0,F30942
1,F30943
0,F30944
1,F30945
1,F30946
0,F30947
0,F30948
1,F30949
0,F30950
0,F30951
0,F30952
0,F30953
0,F30954
0,F30955
0,F30956
1,F30957
0,F30958
1,F30959
0,F30960
0,F30961
0,F30962
0,F30963
0,F30964
0,F30965
0,F30966
0,F30967
0,F30968
0,F30969
0,F30970
0,F30971
0,F30972
0,F30973
0,F30974
0,F30975
0,F30976
0,F30977
1,F30978
0,F30979
1,F30980
1,F30981
0,F30982
0,F30983
0,F30984
1,F30985
0,F30986
0,F30987
0,F30988
0,F30989
0,F30990
0,F30991
0,F30992
1,F30993
0,F30994
0,F30995
0,F30996
0,F30997
0,F30998
1,F30999
0,F31000
0,F31001
0,F31002
0,F31003
0,F31004
1,F31005
1,F31006
0,F31007
0,F31008
1,F31009
0,F31010
0,F31011
0,F31012
0,F31013
1,F31014
0,F31015
0,F31016
0,F31017
0,F31018
0,F31019
0,F31020
1,F31021
1,F31022
1,F31023
0,F31024
0,F31025
0,F31026
0,F31027
0,F31028
0,F31029
0,F31030
0,F31031
0,F31032
0,F31033
1,F31034
1,F31035
1,F31036
0,F31037
0,F31038
0,F31039
0,F31040
0,F31041
0,F31042
0,F31043
1,F31044
1,F31045
0,F31046
0,F31047
0,F31048
0,F31049
0,F31050
1,F31051
0,F31052
0,F31053
0,F31054
1,F31055
0,F31056
1,F31057
0,F31058
0,F31059
0,F31060
0,F31061
0,F31062
0,F31063
0,F31064
0,F31065
0,F31066
0,F31067
0,F31068
0,F31069
0,F31070
0,F31071
0,F31072
0,F31073
1,F31074
1,F31075
0,F31076
0,F31077
0,F31078
0,F31079
0,F31080
0,F31081
0,F31082
0,F31083
0,F31084
0,F31085
0,F31086
0,F31087
0,F31088
0,F31089
0,F31090
0,F31091
1,F31092
0,F31093
0,F31094
0,F31095
0,F31096
0,F31097
1,F31098
0,F31099
0,F31100
0,F31101
1,F31102
0,F31103
0,F31104
0,F31105
0,F31106
0,F31107
1,F31108
0,F31109
1,F31110
0,F31111
0,F31112
0,F31113
0,F31114
0,F31115
0,F31116
1,F31117
0,F31118
0,F31119
0,F31120
1,F31121
0,F31122
0,F31123
0,F31124
0,F31125
0,F31126
0,F31127
0,F31128
1,F31129
0,F31130
0,F31131
0,F31132
0,F31133
0,F31134
0,F31135
0,F31136
1,F31137
0,F31138
1,F31139
0,F31140
0,F31141
0,F31142
0,F31143
1,F31144
0,F31145
0,F31146
0,F31147
0,F31148
0,F31149
0,F31150
1,F31151
0,F31152
0,F31153
0,F31154
0,F31155
1,F31156
0,F31157
0,F31158
0,F31159
1,F31160
0,F31161
1,F31162
1,F31163
0,F31164
1,F31165
0,F31166
0,F31167
0,F31168
0,F31169
0,F31170
0,F31171
1,F31172
0,F31173
0,F31174
0,F31175
1,F31176
0,F31177
0,F31178
0,F31179
0,F31180
0,F31181
1,F31182
0,F31183
0,F31184
0,F31185
0,F31186
1,F31187
0,F31188
1,F31189
0,F31190
0,F31191
0,F31192
0,F31193
0,F31194
1,F31195
1,F31196
0,F31197
0,F31198
0,F31199
0,F31200
1,F31201
0,F31202
0,F31203
0,F31204
0,F31205
0,F31206
0,F31207
0,F31208
0,F31209
0,F31210
0,F31211
0,F31212
0,F31213
0,F31214
1,F31215
0,F31216
0,F31217
1,F31218
0,F31219
0,F31220
0,F31221
1,F31222
0,F31223
0,F31224
0,F31225
0,F31226
0,F31227
0,F31228
1,F31229
0,F31230
0,F31231
0,F31232
0,F31233
0,F31234
1,F31235
0,F31236
0,F31237
0,F31238
1,F31239
0,F31240
0,F31241
0,F31242
0,F31243
0,F31244
0,F31245
1,F31246
0,F31247
0,F31248
1,F31249
0,F31250
1,F31251
0,F31252
0,F31253
0,F31254
0,F31255
1,F31256
0,F31257
1,F31258
0,F31259
0,F31260
0,F31261
0,F31262
1,F31263
0,F31264
0,F31265
0,F31266
0,F31267
0,F31268
0,F31269
0,F31270
0,F31271
0,F31272
0,F31273
0,F31274
0,F31275
1,F31276
0,F31277
0,F31278
1,F31279
0,F31280
0,F31281
1,F31282
0,F31283
0,F31284
0,F31285
0,F31286
0,F31287
0,F31288
0,F31289
0,F31290
0,F31291
0,F31292
0,F31293
0,F31294
0,F31295
0,F31296
0,F31297
0,F31298
1,F31299
0,F31300
1,F31301
0,F31302
0,F31303
0,F31304
0,F31305
0,F31306
1,F31307
0,F31308
0,F31309
0,F31310
0,F31311
0,F31312
1,F31313
1,F31314
0,F31315
1,F31316
0,F31317
0,F31318
1,F31319
1,F31320
0,F31321
1,F31322
0,F31323
1,F31324
1,F31325
1,F31326
0,F31327
0,F31328
1,F31329
0,F31330
1,F31331
0,F31332
0,F31333
0,F31334
0,F31335
0,F31336
0,F31337
0,F31338
0,F31339
0,F31340
0,F31341
1,F31342
1,F31343
0,F31344
0,F31345
0,F31346
0,F31347
0,F31348
0,F31349
0,F31350
0,F31351
1,F31352
1,F31353
0,F31354
1,F31355
0,F31356
1,F31357
1,F31358
0,F31359
1,F31360
1,F31361
1,F31362
1,F31363
0,F31364
0,F31365
0,F31366
0,F31367
0,F31368
0,F31369
0,F31370
0,F31371
1,F31372
0,F31373
1,F31374
0,F31375
1,F31376
0,F31377
0,F31378
1,F31379
1,F31380
0,F31381
0,F31382
0,F31383
0,F31384
0,F31385
0,F31386
1,F31387
0,F31388
0,F31389
0,F31390
0,F31391
0,F31392
0,F31393
0,F31394
1,F31395
0,F31396
0,F31397
0,F31398
0,F31399
1,F31400
0,F31401
0,F31402
0,F31403
0,F31404
0,F31405
0,F31406
0,F31407
1,F31408
0,F31409
0,F31410
0,F31411
0,F31412
0,F31413
1,F31414
0,F31415
0,F31416
0,F31417
0,F31418
0,F31419
1,F31420
1,F31421
1,F31422
0,F31423
0,F31424
0,F31425
1,F31426
0,F31427
0,F31428
0,F31429
0,F31430
0,F31431
0,F31432
1,F31433
0,F31434
1,F31435
0,F31436
0,F31437
0,F31438
0,F31439
0,F31440
0,F31441
0,F31442
0,F31443
0,F31444
0,F31445
0,F31446
0,F31447
0,F31448
0,F31449
0,F31450
1,F31451
0,F31452
0,F31453
0,F31454
1,F31455
0,F31456
0,F31457
0,F31458
0,F31459
0,F31460
0,F31461
0,F31462
0,F31463
0,F31464
0,F31465
0,F31466
0,F31467
1,F31468
0,F31469
1,F31470
0,F31471
1,F31472
0,F31473
0,F31474
0,F31475
1,F31476
0,F31477
0,F31478
0,F31479
0,F31480
0,F31481
0,F31482
0,F31483
0,F31484
0,F31485
0,F31486
1,F31487
0,F31488
0,F31489
1,F31490
1,F31491
0,F31492
0,F31493
0,F31494
0,F31495
1,F31496
0,F31497
0,F31498
0,F31499
0,F31500
0,F31501
0,F31502
0,F31503
1,F31504
0,F31505
0,F31506
0,F31507
0,F31508
0,F31509
1,F31510
1,F31511
0,F31512
1,F31513
0,F31514
0,F31515
1,F31516
0,F31517
0,F31518
1,F31519
1,F31520
1,F31521
0,F31522
0,F31523
0,F31524
0,F31525
1,F31526
1,F31527
0,F31528
0,F31529
0,F31530
0,F31531
1,F31532
0,F31533
0,F31534
0,F31535
0,F31536
0,F31537
0,F31538
0,F31539
0,F31540
0,F31541
0,F31542
1,F31543
1,F31544
0,F31545
0,F31546
0,F31547
0,F31548
0,F31549
0,F31550
0,F31551
1,F31552
0,F31553
0,F31554
0,F31555
0,F31556
1,F31557
1,F31558
0,F31559
0,F31560
0,F31561
0,F31562
1,F31563
1,F31564
0,F31565
0,F31566
1,F31567
0,F31568
0,F31569
1,F31570
0,F31571
0,F31572
0,F31573
1,F31574
1,F31575
1,F31576
0,F31577
0,F31578
0,F31579
0,F31580
1,F31581
0,F31582
1,F31583
1,F31584
1,F31585
1,F31586
0,F31587
1,F31588
0,F31589
0,F31590
0,F31591
0,F31592
0,F31593
0,F31594
1,F31595
1,F31596
1,F31597
1,F31598
1,F31599
0,F31600
1,F31601
0,F31602
0,F31603
0,F31604
0,F31605
0,F31606
1,F31607
0,F31608
0,F31609
0,F31610
0,F31611
1,F31612
1,F31613
0,F31614
0,F31615
0,F31616
0,F31617
0,F31618
0,F31619
1,F31620
0,F31621
0,F31622
0,F31623
0,F31624
0,F31625
0,F31626
0,F31627
1,F31628
1,F31629
0,F31630
0,F31631
0,F31632
0,F31633
0,F31634
0,F31635
0,F31636
0,F31637
0,F31638
0,F31639
0,F31640
0,F31641
1,F31642
0,F31643
1,F31644
0,F31645
0,F31646
1,F31647
0,F31648
0,F31649
0,F31650
0,F31651
1,F31652
1,F31653
0,F31654
0,F31655
0,F31656
0,F31657
0,F31658
0,F31659
0,F31660
0,F31661
0,F31662
0,F31663
0,F31664
0,F31665
0,F31666
0,F31667
0,F31668
0,F31669
0,F31670
0,F31671
0,F31672
0,F31673
0,F31674
0,F31675
0,F31676
0,F31677
0,F31678
1,F31679
0,F31680
0,F31681
0,F31682
0,F31683
0,F31684
1,F31685
0,F31686
0,F31687
0,F31688
0,F31689
0,F31690
0,F31691
0,F31692
1,F31693
0,F31694
0,F31695
0,F31696
1,F31697
1,F31698
0,F31699
0,F31700
0,F31701
0,F31702
0,F31703
0,F31704
0,F31705
0,F31706
0,F31707
0,F31708
0,F31709
0,F31710
0,F31711
1,F31712
0,F31713
0,F31714
0,F31715
0,F31716
0,F31717
1,F31718
0,F31719
0,F31720
0,F31721
1,F31722
0,F31723
0,F31724
0,F31725
0,F31726
1,F31727
1,F31728
0,F31729
0,F31730
0,F31731
0,F31732
0,F31733
0,F31734
0,F31735
0,F31736
0,F31737
0,F31738
0,F31739
0,F31740
0,F31741
0,F31742
0,F31743
0,F31744
0,F31745
1,F31746
0,F31747
0,F31748
0,F31749
0,F31750
1,F31751
1,F31752
0,F31753
0,F31754
0,F31755
0,F31756
0,F31757
0,F31758
0,F31759
0,F31760
0,F31761
0,F31762
1,F31763
0,F31764
0,F31765
1,F31766
0,F31767
0,F31768
1,F31769
0,F31770
1,F31771
0,F31772
0,F31773
0,F31774
0,F31775
0,F31776
1,F31777
0,F31778
0,F31779
0,F31780
0,F31781
1,F31782
0,F31783
1,F31784
0,F31785
0,F31786
0,F31787
0,F31788
0,F31789
0,F31790
1,F31791
1,F31792
0,F31793
1,F31794
0,F31795
0,F31796
0,F31797
0,F31798
0,F31799
0,F31800
0,F31801
1,F31802
0,F31803
0,F31804
0,F31805
0,F31806
0,F31807
1,F31808
0,F31809
0,F31810
1,F31811
0,F31812
1,F31813
0,F31814
0,F31815
0,F31816
0,F31817
0,F31818
0,F31819
0,F31820
0,F31821
0,F31822
0,F31823
0,F31824
1,F31825
0,F31826
0,F31827
0,F31828
0,F31829
0,F31830
0,F31831
0,F31832
0,F31833
0,F31834
1,F31835
0,F31836
1,F31837
0,F31838
0,F31839
0,F31840
1,F31841
0,F31842
1,F31843
0,F31844
0,F31845
0,F31846
0,F31847
0,F31848
0,F31849
0,F31850
1,F31851
1,F31852
1,F31853
0,F31854
0,F31855
1,F31856
0,F31857
1,F31858
1,F31859
0,F31860
1,F31861
0,F31862
0,F31863
0,F31864
0,F31865
0,F31866
1,F31867
0,F31868
0,F31869
0,F31870
1,F31871
0,F31872
0,F31873
1,F31874
0,F31875
1,F31876
0,F31877
0,F31878
0,F31879
0,F31880
0,F31881
0,F31882
0,F31883
1,F31884
0,F31885
1,F31886
1,F31887
0,F31888
0,F31889
1,F31890
1,F31891
1,F31892
1,F31893
0,F31894
0,F31895
0,F31896
1,F31897
0,F31898
0,F31899
1,F31900
0,F31901
0,F31902
0,F31903
1,F31904
0,F31905
0,F31906
0,F31907
1,F31908
0,F31909
1,F31910
0,F31911
0,F31912
0,F31913
1,F31914
0,F31915
0,F31916
0,F31917
0,F31918
0,F31919
0,F31920
0,F31921
1,F31922
0,F31923
0,F31924
0,F31925
1,F31926
0,F31927
1,F31928
0,F31929
1,F31930
1,F31931
1,F31932
1,F31933
0,F31934
0,F31935
1,F31936
0,F31937
0,F31938
0,F31939
0,F31940
0,F31941
0,F31942
0,F31943
0,F31944
0,F31945
0,F31946
0,F31947
0,F31948
1,F31949
0,F31950
0,F31951
0,F31952
0,F31953
0,F31954
0,F31955
0,F31956
1,F31957
0,F31958
1,F31959
0,F31960
0,F31961
0,F31962
0,F31963
1,F31964
0,F31965
0,F31966
0,F31967
1,F31968
0,F31969
1,F31970
0,F31971
1,F31972
0,F31973
0,F31974
0,F31975
1,F31976
0,F31977
0,F31978
0,F31979
0,F31980
1,F31981
0,F31982
0,F31983
0,F31984
0,F31985
1,F31986
0,F31987
0,F31988
0,F31989
1,F31990
0,F31991
0,F31992
1,F31993
0,F31994
1,F31995
0,F31996
0,F31997
1,F31998
0,F31999
0,F32000
1,F32001
0,F32002
0,F32003
0,F32004
0,F32005
0,F32006
0,F32007
0,F32008
0,F32009
0,F32010
0,F32011
0,F32012
1,F32013
0,F32014
1,F32015
0,F32016
0,F32017
0,F32018
0,F32019
0,F32020
0,F32021
0,F32022
1,F32023
0,F32024
0,F32025
0,F32026
0,F32027
0,F32028
0,F32029
1,F32030
1,F32031
0,F32032
0,F32033
0,F32034
0,F32035
0,F32036
0,F32037
0,F32038
0,F32039
0,F32040
0,F32041
0,F32042
1,F32043
0,F32044
1,F32045
1,F32046
1,F32047
0,F32048
0,F32049
1,F32050
0,F32051
0,F32052
1,F32053
0,F32054
1,F32055
0,F32056
1,F32057
0,F32058
0,F32059
1,F32060
0,F32061
0,F32062
0,F32063
0,F32064
0,F32065
0,F32066
0,F32067
0,F32068
0,F32069
0,F32070
1,F32071
0,F32072
0,F32073
0,F32074
0,F32075
0,F32076
1,F32077
0,F32078
0,F32079
0,F32080
0,F32081
0,F32082
1,F32083
0,F32084
0,F32085
1,F32086
0,F32087
0,F32088
0,F32089
0,F32090
0,F32091
0,F32092
0,F32093
0,F32094
0,F32095
1,F32096
1,F32097
0,F32098
0,F32099
0,F32100
0,F32101
0,F32102
0,F32103
0,F32104
0,F32105
0,F32106
0,F32107
0,F32108
0,F32109
0,F32110
0,F32111
0,F32112
0,F32113
1,F32114
0,F32115
0,F32116
1,F32117
1,F32118
1,F32119
1,F32120
0,F32121
0,F32122
0,F32123
1,F32124
0,F32125
0,F32126
0,F32127
0,F32128
0,F32129
1,F32130
0,F32131
0,F32132
1,F32133
1,F32134
0,F32135
0,F32136
0,F32137
0,F32138
0,F32139
1,F32140
0,F32141
0,F32142
0,F32143
0,F32144
0,F32145
1,F32146
0,F32147
1,F32148
1,F32149
0,F32150
0,F32151
0,F32152
0,F32153
1,F32154
0,F32155
1,F32156
0,F32157
0,F32158
0,F32159
0,F32160
0,F32161
0,F32162
0,F32163
1,F32164
0,F32165
0,F32166
0,F32167
1,F32168
1,F32169
1,F32170
0,F32171
0,F32172
0,F32173
0,F32174
0,F32175
0,F32176
0,F32177
1,F32178
0,F32179
0,F32180
1,F32181
0,F32182
0,F32183
1,F32184
0,F32185
0,F32186
1,F32187
0,F32188
0,F32189
1,F32190
0,F32191
0,F32192
0,F32193
0,F32194
0,F32195
0,F32196
0,F32197
0,F32198
0,F32199
0,F32200
0,F32201
0,F32202
0,F32203
0,F32204
0,F32205
0,F32206
0,F32207
0,F32208
0,F32209
0,F32210
0,F32211
0,F32212
0,F32213
1,F32214
0,F32215
0,F32216
0,F32217
0,F32218
0,F32219
0,F32220
0,F32221
1,F32222
0,F32223
0,F32224
0,F32225
0,F32226
0,F32227
0,F32228
0,F32229
0,F32230
0,F32231
0,F32232
0,F32233
1,F32234
0,F32235
0,F32236
0,F32237
0,F32238
0,F32239
0,F32240
0,F32241
0,F32242
0,F32243
0,F32244
0,F32245
0,F32246
1,F32247
1,F32248
0,F32249
0,F32250
0,F32251
0,F32252
0,F32253
0,F32254
1,F32255
1,F32256
0,F32257
0,F32258
0,F32259
0,F32260
0,F32261
0,F32262
1,F32263
0,F32264
0,F32265
1,F32266
0,F32267
1,F32268
0,F32269
0,F32270
0,F32271
0,F32272
0,F32273
0,F32274
0,F32275
0,F32276
0,F32277
0,F32278
0,F32279
0,F32280
1,F32281
0,F32282
0,F32283
0,F32284
0,F32285
0,F32286
0,F32287
0,F32288
0,F32289
0,F32290
0,F32291
0,F32292
1,F32293
0,F32294
0,F32295
1,F32296
1,F32297
0,F32298
0,F32299
1,F32300
0,F32301
0,F32302
1,F32303
0,F32304
0,F32305
0,F32306
1,F32307
0,F32308
0,F32309
0,F32310
1,F32311
0,F32312
0,F32313
0,F32314
0,F32315
0,F32316
0,F32317
0,F32318
1,F32319
0,F32320
0,F32321
0,F32322
0,F32323
0,F32324
0,F32325
0,F32326
0,F32327
0,F32328
0,F32329
1,F32330
0,F32331
0,F32332
1,F32333
1,F32334
0,F32335
1,F32336
0,F32337
0,F32338
1,F32339
0,F32340
0,F32341
0,F32342
0,F32343
0,F32344
0,F32345
0,F32346
0,F32347
0,F32348
0,F32349
0,F32350
0,F32351
1,F32352
0,F32353
1,F32354
0,F32355
0,F32356
0,F32357
0,F32358
0,F32359
1,F32360
0,F32361
0,F32362
0,F32363
1,F32364
0,F32365
0,F32366
0,F32367
0,F32368
0,F32369
0,F32370
0,F32371
1,F32372
1,F32373
0,F32374
1,F32375
0,F32376
0,F32377
0,F32378
0,F32379
0,F32380
0,F32381
1,F32382
0,F32383
1,F32384
0,F32385
1,F32386
0,F32387
0,F32388
1,F32389
0,F32390
0,F32391
0,F32392
1,F32393
0,F32394
0,F32395
0,F32396
0,F32397
0,F32398
1,F32399
1,F32400
0,F32401
0,F32402
0,F32403
1,F32404
0,F32405
1,F32406
1,F32407
1,F32408
0,F32409
1,F32410
1,F32411
0,F32412
1,F32413
0,F32414
0,F32415
1,F32416
0,F32417
0,F32418
0,F32419
1,F32420
0,F32421
1,F32422
0,F32423
0,F32424
0,F32425
0,F32426
0,F32427
1,F32428
1,F32429
0,F32430
0,F32431
0,F32432
1,F32433
0,F32434
0,F32435
0,F32436
0,F32437
0,F32438
0,F32439
0,F32440
0,F32441
0,F32442
0,F32443
0,F32444
1,F32445
0,F32446
1,F32447
1,F32448
0,F32449
0,F32450
0,F32451
0,F32452
0,F32453
1,F32454
0,F32455
0,F32456
0,F32457
0,F32458
0,F32459
0,F32460
0,F32461
0,F32462
0,F32463
1,F32464
0,F32465
1,F32466
0,F32467
0,F32468
0,F32469
0,F32470
0,F32471
0,F32472
0,F32473
0,F32474
0,F32475
0,F32476
1,F32477
0,F32478
0,F32479
0,F32480
0,F32481
1,F32482
1,F32483
0,F32484
0,F32485
0,F32486
0,F32487
0,F32488
0,F32489
0,F32490
0,F32491
0,F32492
0,F32493
0,F32494
1,F32495
0,F32496
0,F32497
1,F32498
1,F32499
0,F32500
1,F32501
0,F32502
1,F32503
0,F32504
0,F32505
0,F32506
0,F32507
1,F32508
1,F32509
0,F32510
0,F32511
0,F32512
0,F32513
0,F32514
0,F32515
0,F32516
1,F32517
0,F32518
0,F32519
0,F32520
0,F32521
0,F32522
1,F32523
0,F32524
0,F32525
0,F32526
0,F32527
0,F32528
0,F32529
0,F32530
0,F32531
0,F32532
0,F32533
0,F32534
0,F32535
0,F32536
0,F32537
0,F32538
1,F32539
0,F32540
0,F32541
0,F32542
0,F32543
0,F32544
0,F32545
0,F32546
1,F32547
0,F32548
0,F32549
0,F32550
0,F32551
1,F32552
0,F32553
0,F32554
0,F32555
0,F32556
0,F32557
0,F32558
0,F32559
0,F32560
0,F32561
1,F32562
0,F32563
1,F32564
1,F32565
0,F32566
1,F32567
1,F32568
0,F32569
0,F32570
0,F32571
0,F32572
0,F32573
0,F32574
0,F32575
1,F32576
0,F32577
0,F32578
0,F32579
1,F32580
1,F32581
0,F32582
1,F32583
0,F32584
0,F32585
0,F32586
0,F32587
0,F32588
0,F32589
0,F32590
0,F32591
0,F32592
0,F32593
1,F32594
0,F32595
0,F32596
0,F32597
0,F32598
0,F32599
1,F32600
0,F32601
0,F32602
0,F32603
1,F32604
0,F32605
0,F32606
0,F32607
1,F32608
0,F32609
0,F32610
0,F32611
1,F32612
0,F32613
0,F32614
0,F32615
1,F32616
1,F32617
0,F32618
0,F32619
1,F32620
0,F32621
0,F32622
0,F32623
0,F32624
0,F32625
0,F32626
1,F32627
0,F32628
0,F32629
0,F32630
1,F32631
0,F32632
0,F32633
0,F32634
0,F32635
0,F32636
0,F32637
0,F32638
0,F32639
1,F32640
1,F32641
0,F32642
1,F32643
0,F32644
0,F32645
0,F32646
1,F32647
0,F32648
0,F32649
1,F32650
0,F32651
1,F32652
0,F32653
1,F32654
1,F32655
0,F32656
0,F32657
0,F32658
0,F32659
1,F32660
0,F32661
0,F32662
1,F32663
0,F32664
0,F32665
0,F32666
0,F32667
1,F32668
0,F32669
1,F32670
0,F32671
0,F32672
0,F32673
0,F32674
0,F32675
0,F32676
0,F32677
0,F32678
0,F32679
0,F32680
1,F32681
0,F32682
0,F32683
0,F32684
0,F32685
0,F32686
0,F32687
1,F32688
0,F32689
0,F32690
0,F32691
1,F32692
0,F32693
0,F32694
0,F32695
1,F32696
0,F32697
1,F32698
1,F32699
0,F32700
1,F32701
0,F32702
0,F32703
0,F32704
1,F32705
0,F32706
1,F32707
0,F32708
0,F32709
0,F32710
0,F32711
0,F32712
0,F32713
0,F32714
1,F32715
1,F32716
0,F32717
0,F32718
1,F32719
0,F32720
0,F32721
0,F32722
0,F32723
0,F32724
0,F32725
0,F32726
0,F32727
0,F32728
0,F32729
0,F32730
0,F32731
0,F32732
0,F32733
0,F32734
0,F32735
0,F32736
0,F32737
1,F32738
1,F32739
0,F32740
1,F32741
0,F32742
0,F32743
0,F32744
0,F32745
0,F32746
0,F32747
0,F32748
0,F32749
0,F32750
0,F32751
0,F32752
0,F32753
0,F32754
0,F32755
0,F32756
0,F32757
1,F32758
0,F32759
1,F32760
0,F32761
0,F32762
1,F32763
1,F32764
0,F32765
1,F32766
0,F32767
0,F32768
0,F32769
1,F32770
0,F32771
0,F32772
0,F32773
1,F32774
1,F32775
1,F32776
1,F32777
0,F32778
0,F32779
0,F32780
0,F32781
0,F32782
0,F32783
0,F32784
0,F32785
0,F32786
0,F32787
0,F32788
1,F32789
1,F32790
0,F32791
1,F32792
1,F32793
0,F32794
0,F32795
0,F32796
1,F32797
1,F32798
0,F32799
0,F32800
1,F32801
0,F32802
0,F32803
0,F32804
0,F32805
1,F32806
0,F32807
0,F32808
0,F32809
0,F32810
0,F32811
0,F32812
0,F32813
0,F32814
1,F32815
0,F32816
0,F32817
0,F32818
1,F32819
0,F32820
0,F32821
0,F32822
0,F32823
0,F32824
0,F32825
0,F32826
0,F32827
1,F32828
0,F32829
0,F32830
0,F32831
0,F32832
0,F32833
0,F32834
0,F32835
0,F32836
0,F32837
0,F32838
1,F32839
0,F32840
1,F32841
0,F32842
0,F32843
0,F32844
0,F32845
0,F32846
0,F32847
0,F32848
0,F32849
0,F32850
0,F32851
0,F32852
0,F32853
1,F32854
0,F32855
1,F32856
0,F32857
0,F32858
0,F32859
0,F32860
0,F32861
0,F32862
0,F32863
0,F32864
1,F32865
0,F32866
0,F32867
0,F32868
0,F32869
1,F32870
0,F32871
1,F32872
0,F32873
1,F32874
1,F32875
0,F32876
0,F32877
0,F32878
0,F32879
0,F32880
0,F32881
0,F32882
1,F32883
0,F32884
0,F32885
0,F32886
1,F32887
0,F32888
0,F32889
0,F32890
0,F32891
0,F32892
1,F32893
0,F32894
0,F32895
0,F32896
0,F32897
0,F32898
0,F32899
0,F32900
1,F32901
1,F32902
1,F32903
0,F32904
1,F32905
0,F32906
1,F32907
0,F32908
0,F32909
0,F32910
0,F32911
1,F32912
0,F32913
1,F32914
0,F32915
0,F32916
0,F32917
0,F32918
0,F32919
0,F32920
0,F32921
1,F32922
0,F32923
0,F32924
0,F32925
1,F32926
0,F32927
0,F32928
0,F32929
0,F32930
1,F32931
1,F32932
0,F32933
0,F32934
0,F32935
0,F32936
0,F32937
1,F32938
1,F32939
0,F32940
0,F32941
0,F32942
1,F32943
0,F32944
0,F32945
0,F32946
1,F32947
1,F32948
0,F32949
0,F32950
0,F32951
0,F32952
0,F32953
0,F32954
0,F32955
0,F32956
1,F32957
0,F32958
0,F32959
0,F32960
0,F32961
0,F32962
0,F32963
0,F32964
0,F32965
0,F32966
0,F32967
0,F32968
0,F32969
0,F32970
1,F32971
0,F32972
0,F32973
1,F32974
0,F32975
0,F32976
0,F32977
0,F32978
0,F32979
0,F32980
0,F32981
0,F32982
1,F32983
0,F32984
0,F32985
0,F32986
0,F32987
0,F32988
0,F32989
1,F32990
0,F32991
0,F32992
1,F32993
0,F32994
0,F32995
0,F32996
0,F32997
1,F32998
1,F32999
0,F33000
0,F33001
1,F33002
0,F33003
0,F33004
0,F33005
1,F33006
0,F33007
0,F33008
0,F33009
0,F33010
0,F33011
0,F33012
0,F33013
0,F33014
1,F33015
0,F33016
0,F33017
1,F33018
0,F33019
0,F33020
1,F33021
0,F33022
0,F33023
0,F33024
0,F33025
0,F33026
1,F33027
0,F33028
0,F33029
0,F33030
0,F33031
0,F33032
1,F33033
1,F33034
1,F33035
0,F33036
0,F33037
0,F33038
0,F33039
1,F33040
0,F33041
0,F33042
0,F33043
0,F33044
0,F33045
0,F33046
0,F33047
0,F33048
0,F33049
0,F33050
0,F33051
0,F33052
0,F33053
0,F33054
0,F33055
0,F33056
0,F33057
0,F33058
1,F33059
1,F33060
0,F33061
0,F33062
0,F33063
0,F33064
0,F33065
0,F33066
0,F33067
0,F33068
1,F33069
0,F33070
0,F33071
1,F33072
0,F33073
0,F33074
1,F33075
0,F33076
0,F33077
1,F33078
0,F33079
0,F33080
0,F33081
1,F33082
0,F33083
0,F33084
0,F33085
0,F33086
0,F33087
0,F33088
1,F33089
0,F33090
0,F33091
0,F33092
1,F33093
1,F33094
0,F33095
0,F33096
0,F33097
0,F33098
0,F33099
1,F33100
1,F33101
0,F33102
0,F33103
0,F33104
0,F33105
0,F33106
1,F33107
0,F33108
0,F33109
0,F33110
0,F33111
0,F33112
1,F33113
1,F33114
1,F33115
0,F33116
0,F33117
1,F33118
1,F33119
1,F33120
0,F33121
0,F33122
0,F33123
0,F33124
0,F33125
0,F33126
1,F33127
0,F33128
0,F33129
0,F33130
0,F33131
0,F33132
0,F33133
0,F33134
0,F33135
1,F33136
0,F33137
0,F33138
0,F33139
0,F33140
1,F33141
0,F33142
0,F33143
1,F33144
0,F33145
1,F33146
1,F33147
1,F33148
0,F33149
0,F33150
0,F33151
1,F33152
0,F33153
0,F33154
1,F33155
0,F33156
0,F33157
0,F33158
1,F33159
0,F33160
0,F33161
0,F33162
1,F33163
0,F33164
0,F33165
0,F33166
0,F33167
0,F33168
0,F33169
1,F33170
0,F33171
0,F33172
0,F33173
1,F33174
0,F33175
0,F33176
0,F33177
1,F33178
0,F33179
0,F33180
0,F33181
1,F33182
0,F33183
0,F33184
1,F33185
0,F33186
0,F33187
0,F33188
1,F33189
0,F33190
1,F33191
0,F33192
0,F33193
0,F33194
0,F33195
0,F33196
0,F33197
0,F33198
0,F33199
0,F33200
0,F33201
0,F33202
0,F33203
1,F33204
1,F33205
0,F33206
0,F33207
0,F33208
0,F33209
0,F33210
1,F33211
0,F33212
0,F33213
1,F33214
0,F33215
0,F33216
1,F33217
0,F33218
0,F33219
0,F33220
0,F33221
1,F33222
1,F33223
0,F33224
1,F33225
1,F33226
0,F33227
0,F33228
0,F33229
0,F33230
0,F33231
1,F33232
0,F33233
0,F33234
0,F33235
1,F33236
0,F33237
0,F33238
0,F33239
0,F33240
0,F33241
1,F33242
0,F33243
1,F33244
0,F33245
0,F33246
0,F33247
0,F33248
1,F33249
0,F33250
1,F33251
1,F33252
0,F33253
1,F33254
0,F33255
0,F33256
0,F33257
0,F33258
1,F33259
1,F33260
0,F33261
0,F33262
0,F33263
0,F33264
0,F33265
1,F33266
0,F33267
0,F33268
0,F33269
0,F33270
0,F33271
0,F33272
0,F33273
0,F33274
0,F33275
0,F33276
0,F33277
0,F33278
0,F33279
1,F33280
0,F33281
1,F33282
0,F33283
0,F33284
0,F33285
0,F33286
0,F33287
0,F33288
0,F33289
0,F33290
0,F33291
0,F33292
0,F33293
0,F33294
0,F33295
0,F33296
0,F33297
0,F33298
0,F33299
0,F33300
0,F33301
1,F33302
0,F33303
0,F33304
0,F33305
0,F33306
0,F33307
0,F33308
0,F33309
0,F33310
0,F33311
0,F33312
1,F33313
0,F33314
0,F33315
0,F33316
0,F33317
0,F33318
0,F33319
1,F33320
0,F33321
1,F33322
0,F33323
1,F33324
0,F33325
0,F33326
0,F33327
1,F33328
0,F33329
0,F33330
0,F33331
0,F33332
0,F33333
0,F33334
0,F33335
1,F33336
0,F33337
0,F33338
0,F33339
0,F33340
0,F33341
1,F33342
0,F33343
0,F33344
0,F33345
0,F33346
0,F33347
0,F33348
0,F33349
0,F33350
0,F33351
0,F33352
0,F33353
1,F33354
0,F33355
0,F33356
1,F33357
1,F33358
0,F33359
0,F33360
0,F33361
1,F33362
0,F33363
0,F33364
0,F33365
0,F33366
0,F33367
0,F33368
1,F33369
1,F33370
0,F33371
0,F33372
0,F33373
0,F33374
0,F33375
1,F33376
0,F33377
0,F33378
1,F33379
0,F33380
1,F33381
0,F33382
0,F33383
0,F33384
0,F33385
0,F33386
0,F33387
1,F33388
0,F33389
0,F33390
1,F33391
0,F33392
1,F33393
0,F33394
0,F33395
0,F33396
1,F33397
0,F33398
1,F33399
0,F33400
0,F33401
0,F33402
0,F33403
0,F33404
0,F33405
0,F33406
0,F33407
0,F33408
0,F33409
0,F33410
0,F33411
0,F33412
0,F33413
0,F33414
1,F33415
1,F33416
1,F33417
1,F33418
0,F33419
0,F33420
0,F33421
0,F33422
1,F33423
1,F33424
0,F33425
1,F33426
1,F33427
0,F33428
0,F33429
0,F33430
0,F33431
1,F33432
0,F33433
1,F33434
0,F33435
1,F33436
1,F33437
1,F33438
1,F33439
1,F33440
0,F33441
0,F33442
0,F33443
0,F33444
0,F33445
0,F33446
0,F33447
1,F33448
0,F33449
0,F33450
0,F33451
0,F33452
1,F33453
0,F33454
0,F33455
1,F33456
1,F33457
0,F33458
0,F33459
1,F33460
1,F33461
0,F33462
1,F33463
0,F33464
0,F33465
0,F33466
0,F33467
0,F33468
0,F33469
1,F33470
0,F33471
0,F33472
1,F33473
0,F33474
1,F33475
1,F33476
0,F33477
0,F33478
0,F33479
0,F33480
0,F33481
0,F33482
0,F33483
0,F33484
1,F33485
0,F33486
0,F33487
1,F33488
0,F33489
1,F33490
0,F33491
0,F33492
0,F33493
0,F33494
1,F33495
0,F33496
1,F33497
0,F33498
0,F33499
0,F33500
0,F33501
0,F33502
0,F33503
0,F33504
0,F33505
0,F33506
0,F33507
0,F33508
0,F33509
0,F33510
0,F33511
0,F33512
0,F33513
1,F33514
1,F33515
1,F33516
0,F33517
0,F33518
1,F33519
1,F33520
0,F33521
1,F33522
0,F33523
0,F33524
0,F33525
0,F33526
0,F33527
0,F33528
1,F33529
0,F33530
0,F33531
0,F33532
0,F33533
0,F33534
0,F33535
0,F33536
0,F33537
1,F33538
0,F33539
0,F33540
0,F33541
0,F33542
1,F33543
0,F33544
0,F33545
0,F33546
0,F33547
0,F33548
0,F33549
1,F33550
1,F33551
0,F33552
1,F33553
0,F33554
0,F33555
0,F33556
0,F33557
0,F33558
0,F33559
1,F33560
0,F33561
1,F33562
0,F33563
0,F33564
0,F33565
0,F33566
0,F33567
0,F33568
0,F33569
0,F33570
0,F33571
0,F33572
0,F33573
0,F33574
0,F33575
0,F33576
0,F33577
0,F33578
0,F33579
0,F33580
0,F33581
1,F33582
0,F33583
1,F33584
1,F33585
0,F33586
0,F33587
1,F33588
0,F33589
0,F33590
0,F33591
1,F33592
0,F33593
0,F33594
0,F33595
0,F33596
1,F33597
0,F33598
0,F33599
1,F33600
1,F33601
0,F33602
0,F33603
0,F33604
0,F33605
1,F33606
0,F33607
1,F33608
0,F33609
0,F33610
0,F33611
1,F33612
0,F33613
0,F33614
0,F33615
0,F33616
0,F33617
1,F33618
0,F33619
0,F33620
0,F33621
1,F33622
1,F33623
0,F33624
1,F33625
1,F33626
0,F33627
0,F33628
0,F33629
1,F33630
0,F33631
1,F33632
1,F33633
0,F33634
0,F33635
0,F33636
0,F33637
0,F33638
0,F33639
0,F33640
0,F33641
0,F33642
0,F33643
0,F33644
0,F33645
0,F33646
1,F33647
0,F33648
1,F33649
0,F33650
0,F33651
0,F33652
0,F33653
1,F33654
0,F33655
0,F33656
0,F33657
0,F33658
1,F33659
0,F33660
0,F33661
0,F33662
0,F33663
1,F33664
0,F33665
0,F33666
1,F33667
0,F33668
1,F33669
0,F33670
0,F33671
1,F33672
1,F33673
0,F33674
0,F33675
0,F33676
0,F33677
1,F33678
1,F33679
0,F33680
0,F33681
0,F33682
0,F33683
0,F33684
0,F33685
0,F33686
0,F33687
1,F33688
1,F33689
0,F33690
0,F33691
0,F33692
1,F33693
1,F33694
0,F33695
0,F33696
0,F33697
0,F33698
0,F33699
0,F33700
0,F33701
1,F33702
1,F33703
0,F33704
0,F33705
0,F33706
1,F33707
0,F33708
1,F33709
0,F33710
0,F33711
0,F33712
0,F33713
0,F33714
0,F33715
1,F33716
0,F33717
0,F33718
1,F33719
0,F33720
1,F33721
0,F33722
0,F33723
0,F33724
0,F33725
1,F33726
1,F33727
0,F33728
0,F33729
0,F33730
0,F33731
0,F33732
0,F33733
1,F33734
0,F33735
0,F33736
0,F33737
1,F33738
0,F33739
0,F33740
0,F33741
0,F33742
0,F33743
0,F33744
0,F33745
0,F33746
0,F33747
0,F33748
0,F33749
0,F33750
0,F33751
0,F33752
0,F33753
0,F33754
0,F33755
0,F33756
0,F33757
0,F33758
0,F33759
1,F33760
0,F33761
0,F33762
0,F33763
0,F33764
0,F33765
1,F33766
0,F33767
0,F33768
0,F33769
0,F33770
0,F33771
0,F33772
1,F33773
0,F33774
0,F33775
0,F33776
0,F33777
0,F33778
0,F33779
1,F33780
1,F33781
0,F33782
1,F33783
1,F33784
0,F33785
0,F33786
0,F33787
0,F33788
0,F33789
1,F33790
0,F33791
0,F33792
1,F33793
0,F33794
0,F33795
0,F33796
0,F33797
1,F33798
0,F33799
1,F33800
0,F33801
0,F33802
1,F33803
0,F33804
0,F33805
0,F33806
0,F33807
1,F33808
0,F33809
1,F33810
0,F33811
0,F33812
1,F33813
0,F33814
1,F33815
0,F33816
0,F33817
1,F33818
0,F33819
0,F33820
0,F33821
0,F33822
0,F33823
0,F33824
0,F33825
0,F33826
1,F33827
0,F33828
0,F33829
0,F33830
0,F33831
0,F33832
0,F33833
0,F33834
0,F33835
0,F33836
0,F33837
0,F33838
0,F33839
0,F33840
1,F33841
0,F33842
0,F33843
0,F33844
0,F33845
0,F33846
1,F33847
0,F33848
1,F33849
0,F33850
0,F33851
0,F33852
0,F33853
0,F33854
0,F33855
0,F33856
1,F33857
0,F33858
0,F33859
0,F33860
0,F33861
1,F33862
0,F33863
0,F33864
1,F33865
0,F33866
0,F33867
1,F33868
1,F33869
1,F33870
1,F33871
0,F33872
0,F33873
0,F33874
0,F33875
0,F33876
1,F33877
0,F33878
0,F33879
1,F33880
0,F33881
0,F33882
0,F33883
0,F33884
0,F33885
0,F33886
1,F33887
0,F33888
0,F33889
1,F33890
0,F33891
0,F33892
0,F33893
0,F33894
0,F33895
1,F33896
0,F33897
1,F33898
0,F33899
0,F33900
0,F33901
0,F33902
0,F33903
0,F33904
0,F33905
0,F33906
0,F33907
0,F33908
0,F33909
0,F33910
0,F33911
0,F33912
0,F33913
1,F33914
0,F33915
0,F33916
1,F33917
0,F33918
0,F33919
0,F33920
1,F33921
0,F33922
0,F33923
0,F33924
0,F33925
1,F33926
0,F33927
0,F33928
1,F33929
0,F33930
1,F33931
1,F33932
0,F33933
1,F33934
0,F33935
0,F33936
0,F33937
0,F33938
0,F33939
0,F33940
0,F33941
0,F33942
0,F33943
0,F33944
0,F33945
1,F33946
1,F33947
0,F33948
0,F33949
0,F33950
1,F33951
0,F33952
1,F33953
0,F33954
0,F33955
0,F33956
1,F33957
0,F33958
0,F33959
0,F33960
0,F33961
0,F33962
0,F33963
0,F33964
1,F33965
0,F33966
0,F33967
0,F33968
0,F33969
0,F33970
1,F33971
0,F33972
0,F33973
0,F33974
0,F33975
0,F33976
0,F33977
0,F33978
0,F33979
0,F33980
1,F33981
0,F33982
0,F33983
0,F33984
0,F33985
0,F33986
0,F33987
0,F33988
1,F33989
1,F33990
0,F33991
1,F33992
0,F33993
0,F33994
0,F33995
0,F33996
0,F33997
0,F33998
1,F33999
0,F34000
1,F34001
0,F34002
0,F34003
0,F34004
1,F34005
0,F34006
0,F34007
0,F34008
0,F34009
0,F34010
0,F34011
0,F34012
0,F34013
0,F34014
0,F34015
0,F34016
1,F34017
0,F34018
1,F34019
0,F34020
0,F34021
1,F34022
1,F34023
1,F34024
0,F34025
0,F34026
0,F34027
0,F34028
0,F34029
0,F34030
0,F34031
0,F34032
0,F34033
0,F34034
0,F34035
1,F34036
0,F34037
0,F34038
0,F34039
0,F34040
0,F34041
0,F34042
0,F34043
0,F34044
0,F34045
0,F34046
0,F34047
1,F34048
1,F34049
0,F34050
0,F34051
0,F34052
0,F34053
0,F34054
1,F34055
0,F34056
0,F34057
1,F34058
1,F34059
0,F34060
0,F34061
1,F34062
0,F34063
0,F34064
0,F34065
0,F34066
0,F34067
0,F34068
0,F34069
0,F34070
0,F34071
0,F34072
0,F34073
0,F34074
0,F34075
0,F34076
1,F34077
1,F34078
0,F34079
0,F34080
1,F34081
1,F34082
0,F34083
0,F34084
0,F34085
1,F34086
0,F34087
1,F34088
0,F34089
0,F34090
1,F34091
0,F34092
1,F34093
0,F34094
0,F34095
0,F34096
0,F34097
0,F34098
0,F34099
0,F34100
0,F34101
0,F34102
1,F34103
0,F34104
0,F34105
1,F34106
0,F34107
0,F34108
0,F34109
0,F34110
0,F34111
1,F34112
0,F34113
0,F34114
0,F34115
0,F34116
1,F34117
1,F34118
0,F34119
1,F34120
0,F34121
1,F34122
0,F34123
0,F34124
0,F34125
0,F34126
0,F34127
0,F34128
0,F34129
0,F34130
0,F34131
0,F34132
0,F34133
0,F34134
0,F34135
0,F34136
0,F34137
0,F34138
0,F34139
0,F34140
1,F34141
0,F34142
0,F34143
0,F34144
1,F34145
0,F34146
0,F34147
0,F34148
1,F34149
0,F34150
0,F34151
1,F34152
0,F34153
0,F34154
1,F34155
0,F34156
0,F34157
1,F34158
0,F34159
0,F34160
0,F34161
0,F34162
0,F34163
0,F34164
0,F34165
0,F34166
0,F34167
0,F34168
0,F34169
0,F34170
0,F34171
0,F34172
0,F34173
0,F34174
0,F34175
0,F34176
1,F34177
0,F34178
0,F34179
0,F34180
1,F34181
0,F34182
0,F34183
0,F34184
0,F34185
0,F34186
0,F34187
1,F34188
0,F34189
0,F34190
0,F34191
0,F34192
0,F34193
0,F34194
0,F34195
0,F34196
1,F34197
0,F34198
1,F34199
1,F34200
0,F34201
1,F34202
0,F34203
0,F34204
0,F34205
1,F34206
0,F34207
0,F34208
0,F34209
1,F34210
0,F34211
1,F34212
0,F34213
0,F34214
1,F34215
0,F34216
0,F34217
1,F34218
0,F34219
0,F34220
0,F34221
0,F34222
0,F34223
0,F34224
0,F34225
0,F34226
0,F34227
0,F34228
0,F34229
1,F34230
0,F34231
0,F34232
1,F34233
0,F34234
0,F34235
0,F34236
0,F34237
0,F34238
0,F34239
0,F34240
1,F34241
0,F34242
1,F34243
0,F34244
0,F34245
1,F34246
0,F34247
1,F34248
0,F34249
1,F34250
1,F34251
0,F34252
0,F34253
0,F34254
0,F34255
0,F34256
1,F34257
0,F34258
0,F34259
0,F34260
0,F34261
0,F34262
1,F34263
0,F34264
1,F34265
0,F34266
0,F34267
1,F34268
1,F34269
1,F34270
0,F34271
0,F34272
0,F34273
0,F34274
0,F34275
0,F34276
0,F34277
0,F34278
1,F34279
0,F34280
0,F34281
0,F34282
1,F34283
0,F34284
0,F34285
0,F34286
0,F34287
0,F34288
0,F34289
0,F34290
0,F34291
1,F34292
1,F34293
1,F34294
0,F34295
0,F34296
0,F34297
0,F34298
0,F34299
0,F34300
0,F34301
0,F34302
0,F34303
0,F34304
0,F34305
0,F34306
1,F34307
0,F34308
0,F34309
0,F34310
0,F34311
0,F34312
1,F34313
0,F34314
1,F34315
0,F34316
0,F34317
0,F34318
0,F34319
0,F34320
0,F34321
0,F34322
0,F34323
0,F34324
0,F34325
0,F34326
1,F34327
0,F34328
0,F34329
0,F34330
1,F34331
0,F34332
1,F34333
0,F34334
0,F34335
0,F34336
1,F34337
0,F34338
0,F34339
0,F34340
0,F34341
0,F34342
0,F34343
1,F34344
0,F34345
0,F34346
1,F34347
0,F34348
0,F34349
0,F34350
1,F34351
1,F34352
1,F34353
0,F34354
0,F34355
0,F34356
0,F34357
0,F34358
0,F34359
0,F34360
0,F34361
0,F34362
0,F34363
0,F34364
0,F34365
0,F34366
0,F34367
0,F34368
0,F34369
0,F34370
0,F34371
0,F34372
0,F34373
0,F34374
0,F34375
0,F34376
0,F34377
0,F34378
0,F34379
0,F34380
0,F34381
1,F34382
0,F34383
0,F34384
1,F34385
1,F34386
0,F34387
0,F34388
1,F34389
1,F34390
1,F34391
0,F34392
0,F34393
1,F34394
1,F34395
0,F34396
0,F34397
0,F34398
0,F34399
1,F34400
0,F34401
0,F34402
1,F34403
0,F34404
0,F34405
0,F34406
0,F34407
0,F34408
0,F34409
0,F34410
0,F34411
0,F34412
0,F34413
0,F34414
0,F34415
0,F34416
0,F34417
0,F34418
0,F34419
0,F34420
0,F34421
0,F34422
1,F34423
0,F34424
0,F34425
0,F34426
0,F34427
0,F34428
0,F34429
0,F34430
0,F34431
0,F34432
0,F34433
0,F34434
0,F34435
1,F34436
0,F34437
0,F34438
0,F34439
0,F34440
1,F34441
0,F34442
1,F34443
0,F34444
0,F34445
1,F34446
0,F34447
0,F34448
0,F34449
0,F34450
0,F34451
1,F34452
1,F34453
0,F34454
0,F34455
1,F34456
0,F34457
0,F34458
0,F34459
0,F34460
0,F34461
0,F34462
0,F34463
0,F34464
0,F34465
1,F34466
0,F34467
0,F34468
0,F34469
1,F34470
0,F34471
0,F34472
0,F34473
1,F34474
1,F34475
0,F34476
0,F34477
0,F34478
0,F34479
0,F34480
0,F34481
1,F34482
0,F34483
1,F34484
0,F34485
1,F34486
1,F34487
0,F34488
0,F34489
0,F34490
0,F34491
0,F34492
0,F34493
0,F34494
1,F34495
0,F34496
0,F34497
0,F34498
0,F34499
1,F34500
1,F34501
0,F34502
0,F34503
0,F34504
1,F34505
0,F34506
0,F34507
0,F34508
0,F34509
1,F34510
0,F34511
0,F34512
0,F34513
0,F34514
0,F34515
0,F34516
0,F34517
0,F34518
0,F34519
0,F34520
0,F34521
1,F34522
0,F34523
0,F34524
0,F34525
0,F34526
1,F34527
0,F34528
0,F34529
0,F34530
0,F34531
1,F34532
0,F34533
0,F34534
0,F34535
0,F34536
0,F34537
0,F34538
1,F34539
1,F34540
0,F34541
0,F34542
0,F34543
0,F34544
1,F34545
1,F34546
0,F34547
1,F34548
0,F34549
0,F34550
1,F34551
0,F34552
0,F34553
0,F34554
1,F34555
0,F34556
1,F34557
0,F34558
0,F34559
1,F34560
0,F34561
0,F34562
1,F34563
0,F34564
1,F34565
1,F34566
0,F34567
0,F34568
0,F34569
0,F34570
0,F34571
0,F34572
0,F34573
0,F34574
0,F34575
0,F34576
0,F34577
0,F34578
0,F34579
0,F34580
1,F34581
0,F34582
0,F34583
1,F34584
0,F34585
0,F34586
0,F34587
0,F34588
0,F34589
0,F34590
0,F34591
0,F34592
0,F34593
0,F34594
0,F34595
0,F34596
0,F34597
1,F34598
0,F34599
1,F34600
0,F34601
1,F34602
0,F34603
0,F34604
0,F34605
0,F34606
0,F34607
0,F34608
0,F34609
0,F34610
1,F34611
0,F34612
0,F34613
0,F34614
0,F34615
1,F34616
0,F34617
0,F34618
1,F34619
0,F34620
1,F34621
0,F34622
0,F34623
0,F34624
0,F34625
0,F34626
0,F34627
0,F34628
0,F34629
0,F34630
0,F34631
0,F34632
1,F34633
1,F34634
0,F34635
0,F34636
0,F34637
0,F34638
1,F34639
0,F34640
0,F34641
0,F34642
0,F34643
0,F34644
1,F34645
0,F34646
0,F34647
0,F34648
1,F34649
0,F34650
1,F34651
1,F34652
0,F34653
0,F34654
0,F34655
0,F34656
1,F34657
0,F34658
0,F34659
0,F34660
0,F34661
0,F34662
0,F34663
0,F34664
0,F34665
1,F34666
0,F34667
0,F34668
0,F34669
0,F34670
0,F34671
1,F34672
0,F34673
0,F34674
0,F34675
0,F34676
1,F34677
0,F34678
0,F34679
1,F34680
1,F34681
1,F34682
0,F34683
0,F34684
0,F34685
0,F34686
1,F34687
1,F34688
1,F34689
0,F34690
0,F34691
0,F34692
1,F34693
1,F34694
0,F34695
0,F34696
0,F34697
0,F34698
0,F34699
1,F34700
0,F34701
1,F34702
0,F34703
0,F34704
0,F34705
0,F34706
1,F34707
1,F34708
0,F34709
1,F34710
0,F34711
0,F34712
1,F34713
0,F34714
1,F34715
0,F34716
0,F34717
0,F34718
1,F34719
0,F34720
0,F34721
0,F34722
0,F34723
0,F34724
1,F34725
1,F34726
0,F34727
0,F34728
0,F34729
0,F34730
1,F34731
0,F34732
0,F34733
1,F34734
0,F34735
0,F34736
0,F34737
0,F34738
0,F34739
0,F34740
0,F34741
0,F34742
0,F34743
1,F34744
0,F34745
0,F34746
0,F34747
0,F34748
0,F34749
0,F34750
0,F34751
0,F34752
1,F34753
0,F34754
0,F34755
0,F34756
0,F34757
0,F34758
0,F34759
0,F34760
0,F34761
1,F34762
0,F34763
0,F34764
0,F34765
0,F34766
1,F34767
0,F34768
0,F34769
1,F34770
0,F34771
0,F34772
0,F34773
0,F34774
0,F34775
1,F34776
0,F34777
0,F34778
0,F34779
0,F34780
0,F34781
0,F34782
0,F34783
1,F34784
0,F34785
0,F34786
0,F34787
0,F34788
0,F34789
0,F34790
0,F34791
0,F34792
0,F34793
0,F34794
0,F34795
1,F34796
0,F34797
0,F34798
0,F34799
1,F34800
1,F34801
1,F34802
1,F34803
0,F34804
1,F34805
0,F34806
1,F34807
0,F34808
0,F34809
0,F34810
0,F34811
0,F34812
0,F34813
0,F34814
0,F34815
0,F34816
0,F34817
0,F34818
0,F34819
0,F34820
0,F34821
0,F34822
0,F34823
0,F34824
0,F34825
0,F34826
0,F34827
0,F34828
0,F34829
0,F34830
0,F34831
1,F34832
1,F34833
0,F34834
1,F34835
0,F34836
0,F34837
0,F34838
0,F34839
0,F34840
0,F34841
1,F34842
1,F34843
0,F34844
0,F34845
0,F34846
0,F34847
1,F34848
1,F34849
0,F34850
0,F34851
0,F34852
1,F34853
1,F34854
1,F34855
0,F34856
0,F34857
1,F34858
0,F34859
0,F34860
0,F34861
0,F34862
0,F34863
0,F34864
0,F34865
0,F34866
1,F34867
1,F34868
0,F34869
0,F34870
0,F34871
0,F34872
0,F34873
1,F34874
0,F34875
1,F34876
1,F34877
0,F34878
0,F34879
1,F34880
1,F34881
1,F34882
0,F34883
1,F34884
0,F34885
0,F34886
0,F34887
0,F34888
0,F34889
0,F34890
0,F34891
0,F34892
1,F34893
0,F34894
0,F34895
0,F34896
0,F34897
0,F34898
0,F34899
0,F34900
1,F34901
0,F34902
1,F34903
0,F34904
0,F34905
0,F34906
0,F34907
0,F34908
0,F34909
0,F34910
1,F34911
0,F34912
1,F34913
1,F34914
0,F34915
0,F34916
0,F34917
0,F34918
1,F34919
0,F34920
0,F34921
0,F34922
1,F34923
0,F34924
0,F34925
0,F34926
0,F34927
0,F34928
0,F34929
1,F34930
0,F34931
0,F34932
0,F34933
0,F34934
0,F34935
1,F34936
0,F34937
1,F34938
0,F34939
1,F34940
0,F34941
0,F34942
0,F34943
0,F34944
1,F34945
0,F34946
0,F34947
1,F34948
0,F34949
0,F34950
0,F34951
0,F34952
0,F34953
0,F34954
0,F34955
0,F34956
0,F34957
0,F34958
0,F34959
0,F34960
0,F34961
0,F34962
0,F34963
1,F34964
0,F34965
0,F34966
0,F34967
0,F34968
1,F34969
0,F34970
1,F34971
0,F34972
0,F34973
0,F34974
0,F34975
0,F34976
0,F34977
0,F34978
0,F34979
0,F34980
0,F34981
0,F34982
0,F34983
1,F34984
0,F34985
0,F34986
0,F34987
0,F34988
0,F34989
0,F34990
0,F34991
0,F34992
1,F34993
1,F34994
0,F34995
0,F34996
0,F34997
1,F34998
0,F34999
0,F35000
0,F35001
0,F35002
0,F35003
0,F35004
0,F35005
0,F35006
1,F35007
0,F35008
0,F35009
0,F35010
0,F35011
0,F35012
0,F35013
0,F35014
0,F35015
0,F35016
1,F35017
0,F35018
0,F35019
0,F35020
1,F35021
0,F35022
0,F35023
0,F35024
0,F35025
1,F35026
0,F35027
1,F35028
1,F35029
0,F35030
0,F35031
0,F35032
0,F35033
1,F35034
1,F35035
0,F35036
1,F35037
1,F35038
0,F35039
0,F35040
0,F35041
0,F35042
1,F35043
0,F35044
1,F35045
0,F35046
0,F35047
0,F35048
0,F35049
0,F35050
0,F35051
0,F35052
0,F35053
1,F35054
0,F35055
0,F35056
0,F35057
0,F35058
0,F35059
0,F35060
1,F35061
0,F35062
0,F35063
1,F35064
1,F35065
1,F35066
0,F35067
0,F35068
0,F35069
0,F35070
1,F35071
0,F35072
0,F35073
0,F35074
0,F35075
0,F35076
0,F35077
0,F35078
1,F35079
0,F35080
0,F35081
0,F35082
1,F35083
0,F35084
0,F35085
0,F35086
0,F35087
0,F35088
0,F35089
1,F35090
1,F35091
0,F35092
0,F35093
0,F35094
1,F35095
0,F35096
1,F35097
0,F35098
0,F35099
0,F35100
1,F35101
1,F35102
0,F35103
0,F35104
0,F35105
0,F35106
0,F35107
0,F35108
0,F35109
0,F35110
0,F35111
0,F35112
0,F35113
0,F35114
0,F35115
0,F35116
0,F35117
0,F35118
0,F35119
0,F35120
0,F35121
0,F35122
0,F35123
0,F35124
0,F35125
1,F35126
0,F35127
0,F35128
0,F35129
0,F35130
0,F35131
0,F35132
0,F35133
0,F35134
0,F35135
0,F35136
0,F35137
0,F35138
0,F35139
0,F35140
0,F35141
1,F35142
1,F35143
1,F35144
0,F35145
0,F35146
0,F35147
0,F35148
1,F35149
1,F35150
1,F35151
0,F35152
0,F35153
0,F35154
0,F35155
0,F35156
1,F35157
1,F35158
0,F35159
0,F35160
0,F35161
0,F35162
0,F35163
0,F35164
0,F35165
0,F35166
1,F35167
0,F35168
1,F35169
0,F35170
0,F35171
0,F35172
0,F35173
0,F35174
0,F35175
0,F35176
0,F35177
0,F35178
0,F35179
0,F35180
1,F35181
0,F35182
0,F35183
0,F35184
0,F35185
0,F35186
0,F35187
1,F35188
1,F35189
1,F35190
0,F35191
0,F35192
1,F35193
0,F35194
0,F35195
0,F35196
1,F35197
0,F35198
0,F35199
0,F35200
1,F35201
0,F35202
0,F35203
0,F35204
0,F35205
0,F35206
1,F35207
0,F35208
0,F35209
0,F35210
1,F35211
0,F35212
0,F35213
1,F35214
0,F35215
1,F35216
0,F35217
0,F35218
0,F35219
0,F35220
0,F35221
0,F35222
0,F35223
0,F35224
0,F35225
1,F35226
0,F35227
0,F35228
1,F35229
1,F35230
0,F35231
1,F35232
0,F35233
1,F35234
0,F35235
0,F35236
1,F35237
0,F35238
0,F35239
0,F35240
0,F35241
1,F35242
0,F35243
0,F35244
0,F35245
1,F35246
0,F35247
0,F35248
0,F35249
0,F35250
0,F35251
0,F35252
1,F35253
0,F35254
1,F35255
0,F35256
0,F35257
1,F35258
0,F35259
1,F35260
0,F35261
0,F35262
0,F35263
0,F35264
0,F35265
0,F35266
1,F35267
1,F35268
0,F35269
0,F35270
0,F35271
1,F35272
0,F35273
0,F35274
0,F35275
0,F35276
0,F35277
0,F35278
0,F35279
0,F35280
0,F35281
0,F35282
0,F35283
0,F35284
1,F35285
1,F35286
0,F35287
0,F35288
0,F35289
1,F35290
0,F35291
0,F35292
0,F35293
1,F35294
0,F35295
0,F35296
0,F35297
0,F35298
0,F35299
1,F35300
0,F35301
0,F35302
0,F35303
1,F35304
1,F35305
1,F35306
0,F35307
0,F35308
0,F35309
0,F35310
0,F35311
1,F35312
0,F35313
0,F35314
0,F35315
1,F35316
0,F35317
0,F35318
0,F35319
0,F35320
0,F35321
0,F35322
0,F35323
0,F35324
1,F35325
0,F35326
0,F35327
1,F35328
0,F35329
1,F35330
0,F35331
0,F35332
0,F35333
1,F35334
0,F35335
0,F35336
0,F35337
0,F35338
0,F35339
0,F35340
1,F35341
0,F35342
0,F35343
0,F35344
0,F35345
0,F35346
0,F35347
1,F35348
0,F35349
0,F35350
0,F35351
1,F35352
0,F35353
0,F35354
1,F35355
0,F35356
1,F35357
0,F35358
0,F35359
1,F35360
0,F35361
1,F35362
1,F35363
0,F35364
0,F35365
0,F35366
0,F35367
0,F35368
0,F35369
0,F35370
1,F35371
0,F35372
0,F35373
0,F35374
0,F35375
0,F35376
0,F35377
0,F35378
0,F35379
0,F35380
0,F35381
0,F35382
0,F35383
1,F35384
1,F35385
0,F35386
0,F35387
1,F35388
0,F35389
0,F35390
0,F35391
0,F35392
0,F35393
0,F35394
0,F35395
0,F35396
0,F35397
1,F35398
0,F35399
0,F35400
1,F35401
0,F35402
0,F35403
1,F35404
1,F35405
0,F35406
1,F35407
1,F35408
1,F35409
0,F35410
0,F35411
0,F35412
1,F35413
0,F35414
0,F35415
0,F35416
0,F35417
0,F35418
1,F35419
1,F35420
1,F35421
0,F35422
0,F35423
0,F35424
0,F35425
1,F35426
1,F35427
1,F35428
0,F35429
0,F35430
0,F35431
0,F35432
0,F35433
0,F35434
0,F35435
0,F35436
1,F35437
0,F35438
0,F35439
0,F35440
1,F35441
0,F35442
0,F35443
0,F35444
1,F35445
1,F35446
0,F35447
0,F35448
1,F35449
0,F35450
0,F35451
0,F35452
0,F35453
0,F35454
0,F35455
0,F35456
0,F35457
0,F35458
0,F35459
0,F35460
1,F35461
1,F35462
0,F35463
0,F35464
0,F35465
0,F35466
0,F35467
0,F35468
0,F35469
0,F35470
0,F35471
0,F35472
0,F35473
0,F35474
0,F35475
1,F35476
0,F35477
0,F35478
0,F35479
0,F35480
1,F35481
1,F35482
0,F35483
0,F35484
0,F35485
0,F35486
0,F35487
0,F35488
0,F35489
1,F35490
0,F35491
1,F35492
0,F35493
0,F35494
1,F35495
0,F35496
0,F35497
0,F35498
0,F35499
0,F35500
0,F35501
0,F35502
0,F35503
1,F35504
0,F35505
1,F35506
1,F35507
0,F35508
0,F35509
0,F35510
1,F35511
0,F35512
1,F35513
0,F35514
1,F35515
1,F35516
0,F35517
0,F35518
0,F35519
0,F35520
1,F35521
0,F35522
1,F35523
0,F35524
0,F35525
0,F35526
0,F35527
0,F35528
0,F35529
0,F35530
0,F35531
0,F35532
1,F35533
0,F35534
0,F35535
1,F35536
1,F35537
0,F35538
0,F35539
0,F35540
0,F35541
0,F35542
0,F35543
0,F35544
0,F35545
0,F35546
0,F35547
0,F35548
0,F35549
1,F35550
0,F35551
0,F35552
0,F35553
0,F35554
1,F35555
0,F35556
0,F35557
1,F35558
0,F35559
0,F35560
1,F35561
0,F35562
0,F35563
0,F35564
1,F35565
0,F35566
0,F35567
0,F35568
0,F35569
0,F35570
0,F35571
1,F35572
0,F35573
0,F35574
0,F35575
1,F35576
0,F35577
1,F35578
1,F35579
0,F35580
0,F35581
0,F35582
0,F35583
0,F35584
1,F35585
0,F35586
0,F35587
1,F35588
0,F35589
0,F35590
0,F35591
0,F35592
1,F35593
0,F35594
0,F35595
1,F35596
0,F35597
0,F35598
0,F35599
0,F35600
0,F35601
1,F35602
0,F35603
1,F35604
0,F35605
0,F35606
1,F35607
1,F35608
0,F35609
0,F35610
0,F35611
0,F35612
0,F35613
0,F35614
0,F35615
0,F35616
1,F35617
0,F35618
0,F35619
1,F35620
1,F35621
0,F35622
0,F35623
1,F35624
1,F35625
0,F35626
0,F35627
0,F35628
0,F35629
0,F35630
0,F35631
0,F35632
1,F35633
1,F35634
0,F35635
0,F35636
0,F35637
1,F35638
1,F35639
0,F35640
0,F35641
0,F35642
1,F35643
0,F35644
0,F35645
0,F35646
0,F35647
0,F35648
0,F35649
0,F35650
0,F35651
1,F35652
0,F35653
1,F35654
1,F35655
0,F35656
0,F35657
0,F35658
0,F35659
0,F35660
0,F35661
0,F35662
1,F35663
0,F35664
0,F35665
0,F35666
0,F35667
0,F35668
0,F35669
0,F35670
0,F35671
0,F35672
1,F35673
1,F35674
0,F35675
0,F35676
0,F35677
0,F35678
0,F35679
0,F35680
1,F35681
0,F35682
0,F35683
0,F35684
0,F35685
0,F35686
0,F35687
0,F35688
0,F35689
1,F35690
0,F35691
0,F35692
0,F35693
0,F35694
0,F35695
0,F35696
1,F35697
0,F35698
0,F35699
0,F35700
0,F35701
0,F35702
1,F35703
0,F35704
0,F35705
1,F35706
0,F35707
0,F35708
0,F35709
0,F35710
1,F35711
0,F35712
1,F35713
0,F35714
0,F35715
0,F35716
0,F35717
0,F35718
0,F35719
0,F35720
1,F35721
0,F35722
0,F35723
0,F35724
0,F35725
1,F35726
0,F35727
0,F35728
1,F35729
0,F35730
0,F35731
0,F35732
0,F35733
0,F35734
0,F35735
1,F35736
0,F35737
1,F35738
1,F35739
0,F35740
0,F35741
1,F35742
0,F35743
1,F35744
0,F35745
0,F35746
0,F35747
0,F35748
0,F35749
0,F35750
0,F35751
0,F35752
0,F35753
0,F35754
0,F35755
1,F35756
0,F35757
1,F35758
0,F35759
0,F35760
0,F35761
0,F35762
0,F35763
0,F35764
0,F35765
0,F35766
0,F35767
1,F35768
0,F35769
0,F35770
0,F35771
1,F35772
0,F35773
1,F35774
0,F35775
1,F35776
0,F35777
0,F35778
0,F35779
0,F35780
0,F35781
0,F35782
1,F35783
0,F35784
0,F35785
0,F35786
0,F35787
0,F35788
0,F35789
0,F35790
0,F35791
0,F35792
0,F35793
0,F35794
0,F35795
0,F35796
0,F35797
0,F35798
0,F35799
0,F35800
1,F35801
0,F35802
0,F35803
0,F35804
0,F35805
1,F35806
0,F35807
0,F35808
0,F35809
0,F35810
1,F35811
0,F35812
1,F35813
0,F35814
1,F35815
0,F35816
0,F35817
0,F35818
0,F35819
1,F35820
0,F35821
0,F35822
1,F35823
0,F35824
1,F35825
0,F35826
0,F35827
0,F35828
0,F35829
0,F35830
0,F35831
0,F35832
0,F35833
0,F35834
0,F35835
0,F35836
0,F35837
0,F35838
0,F35839
0,F35840
0,F35841
0,F35842
0,F35843
1,F35844
0,F35845
0,F35846
0,F35847
0,F35848
1,F35849
0,F35850
0,F35851
0,F35852
0,F35853
1,F35854
1,F35855
0,F35856
0,F35857
1,F35858
0,F35859
0,F35860
0,F35861
0,F35862
1,F35863
0,F35864
0,F35865
0,F35866
0,F35867
0,F35868
1,F35869
0,F35870
1,F35871
0,F35872
0,F35873
1,F35874
0,F35875
0,F35876
0,F35877
0,F35878
0,F35879
0,F35880
0,F35881
0,F35882
0,F35883
0,F35884
0,F35885
0,F35886
0,F35887
1,F35888
0,F35889
1,F35890
0,F35891
0,F35892
0,F35893
0,F35894
1,F35895
0,F35896
0,F35897
1,F35898
0,F35899
1,F35900
1,F35901
0,F35902
0,F35903
0,F35904
1,F35905
1,F35906
0,F35907
0,F35908
0,F35909
0,F35910
0,F35911
1,F35912
0,F35913
0,F35914
0,F35915
0,F35916
1,F35917
0,F35918
0,F35919
0,F35920
0,F35921
0,F35922
0,F35923
0,F35924
0,F35925
1,F35926
0,F35927
0,F35928
1,F35929
0,F35930
1,F35931
0,F35932
1,F35933
0,F35934
0,F35935
0,F35936
1,F35937
0,F35938
0,F35939
0,F35940
0,F35941
0,F35942
0,F35943
1,F35944
0,F35945
0,F35946
1,F35947
0,F35948
0,F35949
0,F35950
0,F35951
0,F35952
0,F35953
1,F35954
0,F35955
0,F35956
0,F35957
0,F35958
1,F35959
0,F35960
0,F35961
0,F35962
0,F35963
0,F35964
0,F35965
1,F35966
0,F35967
0,F35968
0,F35969
0,F35970
0,F35971
0,F35972
0,F35973
1,F35974
0,F35975
1,F35976
0,F35977
1,F35978
0,F35979
0,F35980
0,F35981
0,F35982
0,F35983
0,F35984
0,F35985
1,F35986
0,F35987
0,F35988
0,F35989
0,F35990
0,F35991
0,F35992
0,F35993
0,F35994
0,F35995
0,F35996
0,F35997
1,F35998
0,F35999
1,F36000
0,F36001
0,F36002
1,F36003
0,F36004
0,F36005
0,F36006
1,F36007
0,F36008
0,F36009
0,F36010
0,F36011
1,F36012
0,F36013
1,F36014
0,F36015
0,F36016
0,F36017
0,F36018
0,F36019
0,F36020
0,F36021
0,F36022
0,F36023
0,F36024
1,F36025
0,F36026
1,F36027
1,F36028
0,F36029
0,F36030
0,F36031
0,F36032
0,F36033
0,F36034
0,F36035
1,F36036
0,F36037
0,F36038
0,F36039
0,F36040
0,F36041
0,F36042
0,F36043
1,F36044
1,F36045
1,F36046
0,F36047
0,F36048
0,F36049
0,F36050
0,F36051
0,F36052
0,F36053
1,F36054
0,F36055
0,F36056
1,F36057
0,F36058
1,F36059
0,F36060
0,F36061
1,F36062
0,F36063
0,F36064
0,F36065
1,F36066
0,F36067
0,F36068
1,F36069
0,F36070
0,F36071
1,F36072
0,F36073
0,F36074
0,F36075
0,F36076
0,F36077
1,F36078
1,F36079
0,F36080
0,F36081
0,F36082
0,F36083
0,F36084
0,F36085
0,F36086
0,F36087
0,F36088
0,F36089
0,F36090
0,F36091
0,F36092
1,F36093
0,F36094
0,F36095
0,F36096
0,F36097
1,F36098
0,F36099
0,F36100
0,F36101
0,F36102
0,F36103
0,F36104
0,F36105
0,F36106
0,F36107
0,F36108
0,F36109
0,F36110
0,F36111
1,F36112
1,F36113
0,F36114
1,F36115
0,F36116
0,F36117
0,F36118
0,F36119
0,F36120
1,F36121
0,F36122
1,F36123
0,F36124
0,F36125
0,F36126
0,F36127
1,F36128
0,F36129
0,F36130
0,F36131
0,F36132
0,F36133
0,F36134
0,F36135
0,F36136
0,F36137
1,F36138
1,F36139
0,F36140
0,F36141
0,F36142
0,F36143
0,F36144
0,F36145
0,F36146
0,F36147
0,F36148
1,F36149
1,F36150
0,F36151
0,F36152
0,F36153
1,F36154
0,F36155
0,F36156
0,F36157
0,F36158
0,F36159
0,F36160
1,F36161
0,F36162
0,F36163
0,F36164
1,F36165
1,F36166
0,F36167
0,F36168
0,F36169
0,F36170
0,F36171
0,F36172
0,F36173
0,F36174
0,F36175
1,F36176
0,F36177
1,F36178
0,F36179
0,F36180
1,F36181
0,F36182
0,F36183
0,F36184
0,F36185
0,F36186
0,F36187
0,F36188
1,F36189
0,F36190
1,F36191
0,F36192
0,F36193
0,F36194
0,F36195
0,F36196
0,F36197
0,F36198
0,F36199
0,F36200
0,F36201
0,F36202
0,F36203
0,F36204
0,F36205
0,F36206
0,F36207
0,F36208
0,F36209
0,F36210
0,F36211
0,F36212
1,F36213
0,F36214
0,F36215
0,F36216
0,F36217
0,F36218
0,F36219
0,F36220
0,F36221
1,F36222
0,F36223
0,F36224
1,F36225
0,F36226
0,F36227
0,F36228
0,F36229
1,F36230
0,F36231
0,F36232
0,F36233
0,F36234
0,F36235
0,F36236
0,F36237
0,F36238
0,F36239
0,F36240
0,F36241
0,F36242
0,F36243
0,F36244
0,F36245
1,F36246
0,F36247
0,F36248
0,F36249
0,F36250
0,F36251
0,F36252
0,F36253
0,F36254
0,F36255
0,F36256
1,F36257
0,F36258
0,F36259
0,F36260
0,F36261
0,F36262
0,F36263
0,F36264
1,F36265
0,F36266
0,F36267
0,F36268
0,F36269
0,F36270
0,F36271
0,F36272
0,F36273
0,F36274
1,F36275
0,F36276
0,F36277
1,F36278
0,F36279
1,F36280
1,F36281
0,F36282
1,F36283
1,F36284
0,F36285
0,F36286
0,F36287
0,F36288
0,F36289
1,F36290
0,F36291
0,F36292
0,F36293
0,F36294
0,F36295
0,F36296
0,F36297
0,F36298
1,F36299
0,F36300
0,F36301
0,F36302
0,F36303
0,F36304
1,F36305
0,F36306
0,F36307
0,F36308
1,F36309
1,F36310
1,F36311
1,F36312
0,F36313
0,F36314
0,F36315
1,F36316
0,F36317
0,F36318
0,F36319
0,F36320
0,F36321
0,F36322
1,F36323
0,F36324
0,F36325
0,F36326
0,F36327
0,F36328
0,F36329
0,F36330
0,F36331
0,F36332
1,F36333
0,F36334
0,F36335
0,F36336
0,F36337
0,F36338
0,F36339
0,F36340
0,F36341
0,F36342
0,F36343
1,F36344
1,F36345
1,F36346
0,F36347
1,F36348
0,F36349
0,F36350
0,F36351
0,F36352
0,F36353
1,F36354
0,F36355
0,F36356
0,F36357
0,F36358
0,F36359
0,F36360
0,F36361
0,F36362
0,F36363
0,F36364
0,F36365
0,F36366
1,F36367
0,F36368
0,F36369
0,F36370
0,F36371
1,F36372
0,F36373
0,F36374
0,F36375
0,F36376
0,F36377
1,F36378
0,F36379
0,F36380
0,F36381
0,F36382
0,F36383
0,F36384
0,F36385
0,F36386
0,F36387
0,F36388
0,F36389
1,F36390
0,F36391
0,F36392
0,F36393
0,F36394
0,F36395
0,F36396
0,F36397
0,F36398
0,F36399
0,F36400
0,F36401
0,F36402
0,F36403
0,F36404
0,F36405
0,F36406
1,F36407
1,F36408
0,F36409
0,F36410
1,F36411
0,F36412
0,F36413
0,F36414
0,F36415
1,F36416
0,F36417
0,F36418
0,F36419
0,F36420
0,F36421
0,F36422
1,F36423
0,F36424
0,F36425
0,F36426
0,F36427
0,F36428
0,F36429
0,F36430
1,F36431
0,F36432
0,F36433
0,F36434
0,F36435
0,F36436
0,F36437
0,F36438
0,F36439
1,F36440
1,F36441
0,F36442
0,F36443
0,F36444
0,F36445
1,F36446
0,F36447
0,F36448
0,F36449
0,F36450
0,F36451
1,F36452
0,F36453
0,F36454
1,F36455
0,F36456
0,F36457
0,F36458
0,F36459
0,F36460
0,F36461
0,F36462
0,F36463
0,F36464
0,F36465
0,F36466
0,F36467
0,F36468
0,F36469
0,F36470
1,F36471
0,F36472
0,F36473
0,F36474
0,F36475
1,F36476
0,F36477
0,F36478
0,F36479
0,F36480
0,F36481
0,F36482
0,F36483
0,F36484
0,F36485
1,F36486
0,F36487
0,F36488
0,F36489
0,F36490
0,F36491
1,F36492
0,F36493
0,F36494
0,F36495
1,F36496
0,F36497
0,F36498
0,F36499
0,F36500
0,F36501
0,F36502
0,F36503
0,F36504
0,F36505
0,F36506
0,F36507
0,F36508
1,F36509
0,F36510
0,F36511
0,F36512
1,F36513
0,F36514
1,F36515
1,F36516
0,F36517
0,F36518
0,F36519
1,F36520
0,F36521
1,F36522
0,F36523
0,F36524
1,F36525
0,F36526
0,F36527
0,F36528
0,F36529
0,F36530
0,F36531
0,F36532
1,F36533
0,F36534
0,F36535
0,F36536
1,F36537
0,F36538
0,F36539
0,F36540
1,F36541
0,F36542
0,F36543
0,F36544
0,F36545
0,F36546
0,F36547
0,F36548
0,F36549
0,F36550
1,F36551
1,F36552
0,F36553
0,F36554
0,F36555
0,F36556
1,F36557
1,F36558
0,F36559
0,F36560
0,F36561
1,F36562
0,F36563
0,F36564
0,F36565
0,F36566
0,F36567
1,F36568
0,F36569
1,F36570
0,F36571
0,F36572
0,F36573
0,F36574
0,F36575
1,F36576
0,F36577
0,F36578
0,F36579
1,F36580
0,F36581
0,F36582
0,F36583
0,F36584
1,F36585
1,F36586
0,F36587
1,F36588
1,F36589
0,F36590
0,F36591
0,F36592
0,F36593
0,F36594
0,F36595
0,F36596
0,F36597
1,F36598
0,F36599
0,F36600
0,F36601
1,F36602
0,F36603
0,F36604
1,F36605
0,F36606
0,F36607
0,F36608
1,F36609
0,F36610
0,F36611
0,F36612
0,F36613
0,F36614
0,F36615
0,F36616
1,F36617
0,F36618
1,F36619
0,F36620
0,F36621
0,F36622
0,F36623
1,F36624
0,F36625
0,F36626
0,F36627
1,F36628
1,F36629
1,F36630
0,F36631
0,F36632
0,F36633
0,F36634
0,F36635
0,F36636
0,F36637
1,F36638
0,F36639
0,F36640
0,F36641
0,F36642
0,F36643
0,F36644
0,F36645
1,F36646
0,F36647
1,F36648
0,F36649
1,F36650
0,F36651
0,F36652
0,F36653
0,F36654
0,F36655
0,F36656
1,F36657
0,F36658
0,F36659
1,F36660
0,F36661
0,F36662
0,F36663
0,F36664
1,F36665
0,F36666
0,F36667
0,F36668
0,F36669
0,F36670
0,F36671
0,F36672
1,F36673
0,F36674
1,F36675
0,F36676
0,F36677
0,F36678
0,F36679
0,F36680
0,F36681
0,F36682
0,F36683
0,F36684
0,F36685
1,F36686
0,F36687
0,F36688
0,F36689
0,F36690
0,F36691
0,F36692
0,F36693
0,F36694
0,F36695
0,F36696
0,F36697
0,F36698
0,F36699
0,F36700
0,F36701
0,F36702
1,F36703
0,F36704
1,F36705
0,F36706
0,F36707
1,F36708
0,F36709
0,F36710
1,F36711
0,F36712
0,F36713
0,F36714
0,F36715
0,F36716
0,F36717
0,F36718
0,F36719
0,F36720
0,F36721
0,F36722
0,F36723
1,F36724
0,F36725
0,F36726
0,F36727
0,F36728
0,F36729
0,F36730
0,F36731
0,F36732
1,F36733
0,F36734
0,F36735
0,F36736
0,F36737
0,F36738
0,F36739
1,F36740
1,F36741
1,F36742
1,F36743
0,F36744
0,F36745
1,F36746
0,F36747
1,F36748
1,F36749
0,F36750
0,F36751
0,F36752
1,F36753
0,F36754
0,F36755
0,F36756
0,F36757
0,F36758
0,F36759
0,F36760
0,F36761
1,F36762
0,F36763
0,F36764
0,F36765
0,F36766
0,F36767
0,F36768
0,F36769
0,F36770
0,F36771
0,F36772
0,F36773
0,F36774
0,F36775
0,F36776
0,F36777
0,F36778
0,F36779
0,F36780
0,F36781
1,F36782
0,F36783
0,F36784
0,F36785
0,F36786
0,F36787
0,F36788
0,F36789
0,F36790
0,F36791
0,F36792
0,F36793
0,F36794
1,F36795
0,F36796
0,F36797
0,F36798
1,F36799
0,F36800
1,F36801
0,F36802
0,F36803
0,F36804
0,F36805
0,F36806
0,F36807
0,F36808
